Borough,Noms du reseau,Nom du lieu culturel municipal,Adresse,Code postal,Ville,Province,ACC_autodoor,ACC_entranceramp,ACC_streetlevel,ACC_stairs,ACC_elevator,WR_streetlvl,WR_rails,WR_gender_neutral,WR_size,WR_change_table,WR_family,INC_bilingual/en/fr,INC_helpfulstaff,INC_braille,INC_family_friendly,OVER_ccessible,OVER_comments,Telephone general,Site Internet,Latitude,Longitude,Description
Ville-Marie,Bibliotheque,Grande Bibliotheque - Bibliotheque et Archives nationales du Quebec,"475, boulevard De Maisonneuve Est",H2L 5C4,Montreal,QC,1,1,1,0,1,1,1,0,m,1,1,b,1,1,1,y,very good quality and excellent facilities.,514 873-1100,http://www.banq.qc.ca/accueil,-73.5623,45.51546,"Situee au cour du Quartier latin de Montreal, la Grande Bibliotheque accueill res de 50 000 visiteurs par semaine. Elle offre un choix de plus de quatre millions de documents a emprunter et a consulter sur place - livres, revues, journaux, films et disques, cartes geographiques, microfilms, etc. - et la possibilite d'explorer les richesses des collections patrimoniales. Enfin, BAnQ y presente des centaines de manifestations culturelles par annee a l'intention des adultes et des jeunes.La Grande Bibliotheque agit egalement comme bibliotheque centrale pour les Montrealais et les bibliotheques montrealaises, en vertu d'une entente avec la Ville de Montreal. De plus, la Bibliotheque dispense des services specialises destines a plusieurs publics, notamment les jeunes de 13 ans et moins, les gens d'affaires, les nouveaux arrivants, les membres des communautes culturelles et les personnes atteintes de deficiences visuelles ou autres."
Ahuntsic-Cartierville,Bibliotheque,Bibliotheque d'Ahuntsic,"10300, rue Lajeunesse",H3L 2E5,Montreal,QC,1,1,1,0,1,1,1,0,m,1,1,f,1,0,1,y,"overall very inclusive and accommodating, future improvements planned",514 872-0568,"http://ville.montreal.qc.ca/portal/page?_pageid=4276,5623059&_dad=portal&_schema=PORTAL&section=accueil&lieu=2",-73.6638,45.55392,"Situee au coeur du quartier Ahuntsic, face au parc du meme nom, la bibliotheque occupe l'edifice Albert-Dumouchel, qu'elle partage avec la maison de la culture et le centre local d'emploi.On peut y admirer une dizaine d'oeuvres d'art, dont deux gravures d'Albert Dumouchel (1916-1971), un ancien residant du quartier. Aux cotes de Pellan et de Borduas, Albert Dumouchel est considere comme un des piliers de l'emergence de l'art contemporain au Quebec. Il a produit plus de 2000 oeuvres et a forme plusieurs generations d'artistes a l'Ecole des arts graphiques. On a voulu lui rendre hommage en donnant son nom a l'edifice."
Montreal-Nord,Bibliotheque,Bibliotheque de Belleville,"10400, avenue de Belleville",H1H 4Z7,Montreal,QC,1,1,1,0,1,0,1,0,s,1,1,f,1,0,1,y,pleasant staff but facilities need an upgrade to meet modern UAP standards,514 328-4000 #4140,"http://ville.montreal.qc.ca/portal/page?_pageid=4276,5623059&_dad=portal&_schema=PORTAL&section=accueil&lieu=5",-73.6422,45.58195,"La bibliotheque de Belleville, qui a ouvert ses portes en 1973, vibre au coeur de la vie de son quartier. Elle est implantee dans le parc Ottawa, a proximite de nombreux autres services offerts par l'arrondissement."
Cote-des-Neiges-Notre-Dame-de-Gra½ce,Bibliotheque,Bibliotheque Benny,"3465, avenue Benny",H4B 2R9,Montreal,QC,1,1,1,0,1,0,1,0,l,1,1,b,1,0,1,y,excellent for families and seniors. clean facilities,514 872-4147,"http://ville.montreal.qc.ca/portal/page?_pageid=4276,5623059&_dad=portal&_schema=PORTAL&section=accueil&lieu=6",-73.6277,45.46533,"En 1956, la bibliotheque Benny ouvre ses portes dans un edifice qui abritait a l'origine la chapelle temporaire de la paroisse Sainte-Monica. Situee aux abords d'un petit parc et choyee par un amenagement paysager luxuriant, la bibliotheque beneficie d'un cadre pastoral dans un milieu urbain.¶ En 1998, une mise aux normes du ba½timent permet de rajeunir les installations tout en conservant les caracteristiques de la chapelle ainsi que l'atmosphere chaleureuse et familiale qui fait son charme. Aujourd'hui, la bibliotheque poursuit son travail de modernisation et de diversification de ses collections afin d'offrir des services documentaires professionnels a tous les citoyens residant a l'ouest du quartier Notre-Dame-de-Gra½ce."
Saint-Laurent,Bibliotheque,Bibliotheque du Boise,"2727, boulevard Thimens",H4R 1T4,Montreal,QC,1,1,1,1,1,1,1,0,m,1,1,f,1,0,1,y,very well designed for strollers but lack of clear signage,514 855-6130,"http://ville.montreal.qc.ca/portal/page?_pageid=4276,5623059&_dad=portal&_schema=PORTAL&section=accueil&lieu=429",-73.7057,45.50285,"La Bibliotheque du Boise est strategiquement situee dans un secteur central de l'arrondissement de Saint-Laurent, a proximite du boise du parc Marcel-Laurin. La presence meme du parc a grandement influence le design du ba½timent en parfaite harmonie avec le contexte naturel environnant.¶ Moderne, a la fine pointe de la technologie, et d'une superficie de 4 286 m2, la bibliotheque du Boise se distingue par la convivialite de ses espaces, la multiplicite des services et des lieux de rencontres et une programmation variee favorisant les echanges entre citoyens. La bibliotheque abrite egalement un centre d'exposition et une reserve museale, qui viennent enrichir la portee culturelle et patrimoniale du lieu."
Ahuntsic-Cartierville,Bibliotheque,Bibliotheque de Cartierville,"5900, rue De Salaberry",H4J 1J8,Montreal,QC,1,1,1,1,0,0,1,0,m,1,1,b,1,1,1,y,"overall very inclusive and accommodating, future improvements planned",514 872-6989,"http://ville.montreal.qc.ca/portal/page?_pageid=4276,5623059&_dad=portal&_schema=PORTAL&section=accueil&lieu=10",-73.713,45.52711,"En juin 2002, a l'issue d'un partenariat d'une vingtaine d'annees avec l'ecole secondaire Evangeline, la bibliotheque l'Acadie ferme ses portes et demenage dans les anciens locaux d'une epicerie de quartier, rue Grenet. Ainsi naa©t la bibliotheque de Cartierville, qui ouvre ses portes en fevrier 2003.La bibliotheque offre une salle multifonctionnelle ouverte a tous les diffuseurs d'information communautaire et culturelle du quartier. Elle se veut aussi un lieu rassembleur pour la communaute, brisant l'isolement et favorisant l'integration et l'epanouissement de chacun."
Montreal-Nord,Bibliotheque,Bibliotheque Charleroi,"4740, rue de Charleroi",H1H 1V2,Montreal,QC,1,1,1,0,0,1,1,0,s,1,1,f,1,0,1,y,pleasant staff but facilities need an upgrade to meet modern UAP standards,514 328-4000 #4135,"http://ville.montreal.qc.ca/portal/page?_pageid=4276,5623059&_dad=portal&_schema=PORTAL&section=accueil&lieu=12",-73.6314,45.59651,"La bibliotheque Charleroi est l'une des toutes premieres au Quebec a avoir informatise ses activites. Situee au coeur du territoire de Montreal-Nord, elle est la premiere des trois bibliotheques de l'arrondissement a voir le jour en 1970. C'est a cet endroit que l'on peut consulter, sur rendez-vous, le fonds d'archives Yves-Ryan relatant l'histoire de Montreal-Nord et de la Communaute urbaine de Montreal (CUM) de 1963 a 2001."
Cote-des-Neiges-Notre-Dame-de-Gra½ce,Bibliotheque,Bibliotheque de Cote-des-Neiges,"5290, chemin de la Cote-des-Neiges",H3T 1Y2,Montreal,QC,1,1,1,3,0,0,1,0,l,1,1,f,1,0,1,y,excellent for families and seniors. clean facilities,n/a,"http://ville.montreal.qc.ca/portal/page?_pageid=4276,5623059&_dad=portal&_schema=PORTAL&section=accueil&lieu=13",-73.6221,45.49606,"En 1985, deux ans apres son ouverture, la bibliotheque de Cote-des-Neiges recevait une mention de la Corporation des architectes du Quebec pour la qualite et l'harmonie des formes du ba½timent. Dans la cage de son escalier, la bibliotheque expose une oeuvre non titree de Astri Reusch (1983). Nee en Guyanne britannique, cette artiste pluridisciplinaire demeure a Montreal. Sa production artistique est impressionnante, diversifiee et novatrice."
Montreal-Nord,Bibliotheque,Bibliotheque de la Maison culturelle et communautaire de Montreal-Nord,"12002, boulevard Rolland",H1G 3W1,Montreal,QC,1,1,1,3,1,1,1,0,m,1,1,f,1,1,1,y,excellent for families and seniors. clean facilities,514 328-4000 #5626,"http://ville.montreal.qc.ca/portal/page?_pageid=4276,5623059&_dad=portal&_schema=PORTAL&section=accueil&lieu=8",-73.6207,45.6163,"La bibliotheque de la Maison culturelle et communautaire de Montreal-Nord offre des collections variees pour tous les groupes d'a½ge, 16 postes informatiques et une grande salle reservee aux nombreuses animations.La facture moderne et recherchee de l'architecture de La Maison culturelle et communautaire de Montreal-Nord reflete l'importance accordee aux themes d'ouverture et d'accessibilite qui sont au coeur de la vocation communautaire de l'immeuble.¶"
Ville-Marie,Bibliotheque,Bibliotheque Frontenac,"2550, rue Ontario",H2K 1W7,Montreal,QC,1,1,1,5,0,1,1,0,l,1,1,f,1,0,1,y,very good quality and excellent facilities.,514 872-7888,"http://ville.montreal.qc.ca/portal/page?_pageid=4276,5623059&_dad=portal&_schema=PORTAL&section=accueil&lieu=16",-73.5526,45.53302,"a partir de la station de metro Frontenac, une longue allee conduit a la bibliotheque Frontenac. Ouverte en 1989, celle-ci est installee dans un edifice moderne, dote de larges baies vitrees. La clarte y est omnipresente.Une oeuvre d'art de Michelle Heon, portant le titre 'Sais Site 2', egaie le coin des internautes. Vittorio Fiorucci, le concepteur du petit bonhomme vert du 'Festival Juste pour rire', y a egalement onaõu un triptyque sculptural : trois chaises, soit deux en bronze et une en bois. Cette oeuvre, qui s'intitule 'Leaõon d'histoire', suscite beaucoup d'interet parmi les visiteurs."
Le Sud-Ouest,Bibliotheque,Bibliotheque Georges-Vanier,"2450, rue Workman (angle Vinet)",H3J 1L8,Montreal,QC,1,1,1,4,1,0,1,0,s,1,1,f,1,1,1,y,excellent for families and seniors. clean facilities,n/a,"http://ville.montreal.qc.ca/portal/page?_pageid=4276,5623059&_dad=portal&_schema=PORTAL&section=accueil&lieu=17",-73.5751,45.48352,"Cette bibliotheque centenaire est la premiere bibliotheque publique de langue franaõaise construite au Canada et la plus ancienne succursale toujours en service sur le territoire de la Ville de Montreal. Rebaptisee plus d'une fois, la bibliotheque a survecu a une fermeture de 27 ans! Fermee en 1918 par mesure d'economie a la suite de la Grande Guerre de 1914-1918, c'est en 1947, gra½ce aux pressions de Georges Vanier qu'elle rouvrira enfin ses portes, sous le nom de bibliotheque Workman.Elle ouvrira de nouveau ses portes en 2004 apres d'importantes renovations. Des elements architecturaux tels que les murs de brique originaux et les escaliers de fonte, qui ont jadis servi aux pompiers, rappellent aux usagers le riche passe de la bibliotheque."
Anjou,Bibliotheque,Bibliotheque du Haut-Anjou,"7070, rue Jarry Est",H1J 1G4,Montreal,QC,1,1,1,0,0,0,1,0,l,1,1,b,1,0,1,y,very well designed for strollers but lack of clear signage,514 493-8271,"http://ville.montreal.qc.ca/portal/page?_pageid=4276,5623059&_dad=portal&_schema=PORTAL&section=accueil&lieu=18",-73.576,45.60129,"En 1990, la bibliotheque du Haut-Anjou ouvre ses portes. Cette bibliotheque modeste, mais bien implantee dans le quartier, facilite l'acces des citoyens du secteur nord de l'arrondissement a la collection et aux services de la bibliotheque."
Montreal-Nord,Bibliotheque,Bibliotheque Henri-Bourassa,"5400, boulevard Henri-Bourassa Est",H1G 2S9,Montreal,QC,1,1,1,0,0,1,1,0,m,1,1,f,1,1,1,y,pleasant staff but facilities need an upgrade to meet modern UAP standards,514 328-4000 #4134,"http://ville.montreal.qc.ca/portal/page?_pageid=4276,5623059&_dad=portal&_schema=PORTAL&section=accueil&lieu=19",-73.6252,45.60467,"Cet ancien ba½timent d'Hydro-Quebec trouve une toute nouvelle vocation le 15 mai 1980 lorsqu'il devient la bibliotheque principale de Montreal-Nord, l'un des plus grands centres biblio-culturels de l'arrondissement. Il regroupe les services techniques, le service des acquisitions et l'administration. Une magnifique verriere y est amenagee et invite la clientele a la lecture et a la detente."
Mercier-Hochelaga-Maisonneuve,Bibliotheque,Bibliotheque d'Hochelaga,"1870, rue Davidson",H1W 2Y6,Montreal,QC,1,1,1,2,1,1,1,0,m,1,1,b,1,0,1,y,"overall very inclusive and accommodating, future improvements planned",514 872-3666,"http://ville.montreal.qc.ca/portal/page?_pageid=4276,5623059&_dad=portal&_schema=PORTAL&section=accueil&lieu=20",-73.5455,45.54279,"Inauguree en 1962, la bibliotheque d'Hochelaga est l'une des deux bibliotheques specialisees pour enfants a Montreal. Elle possede une collection importante de livres pour la jeunesse et 1 000 livres pour les adultes."
Verdun,Bibliotheque,Bibliotheque de l'le des Sours,"260, rue Elgar",H3E 1C9,Montreal,QC,1,1,1,0,1,1,1,0,l,1,1,b,1,0,1,y,very well designed for strollers but lack of clear signage,514 765-7266,"http://ville.montreal.qc.ca/portal/page?_pageid=4276,5623059&_dad=portal&_schema=PORTAL&section=accueil&lieu=21",-73.5467,45.45714,"Le 3 novembre 1990, pour mieux desservir la population de l'a©le des Soeurs, Verdun inaugure la bibliotheque du centre communautaire Elgar. Situee a proximite du lac des Battures et d'un parc boise, la bibliotheque a ete agrandie en 2002-2003 par la celebre firme d'architectes Dan Hanganu."
L'le-Bizard-Sainte-Genevieve,Bibliotheque,Bibliotheque de L'a?le-Bizard,"500, montee de l'Eglise",H9C 1G9,Montreal,QC,1,1,1,7,1,1,1,0,l,1,1,b,1,1,1,s,"overall very inclusive and accommodating, future improvements planned",514 620-6257,"http://ville.montreal.qc.ca/portal/page?_pageid=4276,5623059&_dad=portal&_schema=PORTAL&section=accueil&lieu=27",-73.8825,45.48948,"En plus des services habituels (prets de livres, de disques, de films, consultation de documents, etc.) la bibliotheque de L'le-Bizard offre egalement une foule d'activites en tous genres.¶ Elle abrite une oeuvre intitulee 'Et pourtant, elle tourne', une creation de Michele Lapointe et de Rene Rioux. Les artistes expliquent ainsi leur demarche: ¶® La grande fenetre de la bibliotheque orientee plein midi donne envie de la franchir pour aller vers le soleil... ou alors... d'utiliser la lumiere solaire pour marquer le midi. Ainsi naquit l'idee du cadran solaire. Passant au travers du toit et dans la structure de l'edifice, le cadran solaire franchit le mur de verre et passe de l'exterieur vers l'interieur. L'heure se lit donc normalement de l'interieur et se trouve etre ainsi l'heure solaire vraie de la bibliotheque.¶¯"
Cote-des-Neiges-Notre-Dame-de-Gra½ce,Bibliotheque,Bibliotheque interculturelle,"6767, chemin de la Cote-des-Neiges",H3S 2T6,Montreal,QC,1,1,1,5,1,1,1,0,s,1,1,b,1,0,1,y,pleasant staff but facilities need an upgrade to meet modern UAP standards,n/a,"http://ville.montreal.qc.ca/portal/page?_pageid=4276,5623059&_dad=portal&_schema=PORTAL&section=accueil&lieu=7",-73.6369,45.50324,"a l'automne 2005, une nouvelle bibliotheque ouvrait ses portes et rejoignait le Reseau des bibliotheques de Montreal. Baptisee La Bibliotheque interculturelle, elle favorise la creation de ponts entre les differentes cultures en offrant notamment des cours de langues, de la musique du monde et des oeuvres en langues etrangeres comme l'arabe, le vietnamien, l'hindi, l'ourdou et le tamoul. C'est la premiere bibliotheque de Montreal a posseder une collection de livres en tagalog (philippin).¶ La conversion de l'immeuble a bureaux en bibliotheque et centre communautaire a represente un defi architectural. Le decloisonnement, la renovation et l'ajout d'ascenseurs, l'installation d'un nouveau systeme de climatisation, la rampe d'acces pour fauteuils roulants et la fenestration d'une partie importante de la faaõade de l'immeuble font partie des nombreuses modifications qui ont ete apportees afin de rendre ¶® le 6767 ¶¯ facilement reconnaissable et agreable a frequenter."
Anjou,Bibliotheque,Bibliotheque Jean-Corbeil,"7500, avenue Goncourt",H1K 3X9,Montreal,QC,1,1,1,5,1,1,1,0,m,1,1,f,1,0,1,y,excellent for families and seniors. clean facilities,514 493-8260,"http://ville.montreal.qc.ca/portal/page?_pageid=4276,5623059&_dad=portal&_schema=PORTAL&section=accueil&lieu=22",-73.5584,45.60296,"La bibliotheque d'Anjou a ete fondee par un citoyen benevole en 1964. C'est en 1984 que la ville d'Anjou inaugure le ba½timent actuel dont l'image, la superficie et la luminosite respirent le modernisme. En 2003, l'edifice est nomme bibliotheque Jean-Corbeil afin de rendre hommage au maire Jean Corbeil (1934-2002), qui a preside a la destinee de la ville de 1973 a 1988 et dont la tenacite a permis la construction de la bibliotheque actuelle. Celle-ci conserve et expose de nombreuses oeuvres d'art acquises par le Fonds du patrimoine culturel angevin."
Rosemont-La Petite-Patrie,Bibliotheque,Bibliotheque de La Petite-Patrie,"6707, avenue De Lorimier",H2G 2P8,Montreal,QC,1,1,1,3,0,1,1,0,l,1,1,f,1,0,1,y,"overall very inclusive and accommodating, future improvements planned",n/a,"http://ville.montreal.qc.ca/portal/page?_pageid=4276,5623059&_dad=portal&_schema=PORTAL&section=accueil&lieu=25",-73.5983,45.54738,"Cet edifice aux multiples fonctions a ete construit en 1931 pour accueillir une salle de spectacle, un poste de police et une caserne de pompiers. En 1950, la salle de spectacle devient l'hote de la bibliotheque de La Petite-Patrie. Aujourd'hui, la bibliotheque partage cet edifice avec la maison de la culture de Rosemont-La Petite-Patrie et la caserne 47.¶ Sise a l'emplacement de l'ancienne scene de spectacle, une oeuvre de Michele Lapointe, 'Le thea½tre de papier', evoque le thea½tre oublie et l'evolution de la pensee humaine. L'oeuvre a ete devoilee a l'occasion de l'ouverture de la maison de la culture et de la renovation de la bibliotheque, en 1987."
Mercier-Hochelaga-Maisonneuve,Bibliotheque,Bibliotheque Langelier,"6473, rue Sherbrooke Est",H1N 1C5,Montreal,QC,1,1,1,9,1,1,1,0,m,1,1,b,1,1,1,y,very well designed for strollers but lack of clear signage,n/a,"http://ville.montreal.qc.ca/portal/page?_pageid=4276,5623059&_dad=portal&_schema=PORTAL&section=accueil&lieu=24",-73.5441,45.58171,"La bibliotheque Langelier abrite une oeuvre tout a fait representative de l'engagement des bibliotheques dans leur milieu et de leur importance dans la dynamique communautaire et sociale : sur un des murs de la bibliotheque se dresse une magnifique murale illustrant des contes traditionnels. Un groupe de benevoles de la bibliotheque etait alle rencontrer de jeunes deficients intellectuels pour leur raconter les histoires du Chaperon rouge, du Petit Poucet, des Trois petits cochons ou d'Hansel et Gretel. Les jeunes artistes de l'atelier le Fil d'Ariane se sont ensuite inspires de ces rencontres avec des personnages imaginaires pour creer une oeuvre tissee, empreinte de chaleur, de talent et d'accomplissement.Durant la saison estivale, la bibliotheque ouvre sa terrasse permettant a sa clientele de profiter de de la lecture et du soleil!"
Villeray-Saint-Michel-Parc-Extension,Bibliotheque,Bibliotheque Le Prevost,"7355, avenue Christophe-Colomb",H2R 2S5,Montreal,QC,1,1,1,6,0,0,1,0,s,1,1,f,1,1,1,y,very well designed for strollers but lack of clear signage,n/a,"hjtp://ville.montreal.qc.ca/portal/page?_pageid=4276,5623059&_dad=portal&_schema=PORTAL&section=accueil&lieu=26",-73.6146,45.54389,"Installee dans les locaux du centre communautaire Patro Le Prevost depuis 1983, la bibliotheque du quartier Villeray, situee auparavant pres du marche Jean-Talon, etait connue sous le nom de bibliotheque Shamrock. Cette appellation remonte a la creation de l'institution, en 1947, dans l'edifice qui abritait egalement la caserne de pompiers de la rue Shamrock. On la considere comme la premiere bibliotheque de quartier de la Ville de Montreal.¶ Dans la section jeunesse, on peut admirer une oeuvre de Lyse Charland-Favretti (1982), soit une verriere composee de six sections qui agissent comme autant de puits de lumiere. Pour realiser ces ¶® cadres-sculptures ¶¯, l'artiste a utilise comme toile de fond des fils de nylon sur lesquels reposent chacune des compositions constituees d'eclats de verre."
Mercier-Hochelaga-Maisonneuve,Bibliotheque,Bibliotheque Maisonneuve,"4120, rue Ontario Est",H1V 1J9,Montreal,QC,1,1,1,1,0,1,1,0,s,1,1,b,1,0,1,y,pleasant staff but facilities need an upgrade to meet modern UAP standards,n/a,"http://ville.montreal.qc.ca/portal/page?_pageid=4276,5623059&_dad=portal&_schema=PORTAL&section=accueil&lieu=29",-73.5407,45.55106,"Lorsque l'on penetre dans la bibliotheque Maisonneuve, on est frappe de voir des armoiries en ceramique sur le plancher. C'est que l'edifice a servi d'hotel de ville de l'ancienne municipalite de Maisonneuve de 1912 a 1918, annee de son annexion a Montreal. En 1925, l'Institut du radium de l'Universite de Montreal s'y installe. On y utilise le radium dans le traitement de certains cancers et pour la formation des radiologistes. Mary Travers, mieux connue sous le nom de La Bolduc, y meurt en 1941 a l'a½ge de 46 ans. L'institut ferme ses portes en 1967. En 1981, les locaux de la bibliotheque Maisonneuve y sont inaugures."
Rosemont-La Petite-Patrie,Bibliotheque,Bibliotheque Marc-Favreau,"500, boulevard Rosemont",H2S,Montreal,QC,1,1,1,0,0,1,1,0,l,1,1,b,1,0,1,y,"overall very inclusive and accommodating, future improvements planned",514 872-7272,"http://ville.montreal.qc.ca/portal/page?_pageid=4276,5623059&_dad=portal&_schema=PORTAL&section=accueil&lieu=18",-73.5978,45.53174,"Situee a deux pas du metro Rosemont, la bibliotheque Marc-Favreau, avec plus de 3000 m¶ý, est l'une des plus importantes du reseau. Nommee a la memoire du comedien et createur de Sol, cette bibliotheque moderne et avant-gardiste a ete conaõue selon quatre grands axes¶ : vocation familiale, nouvelles technologies, design et developpement durable. On y retrouve une salle de lecture pour les adultes, une piece coloree, dotee d'un plancher chauffant pour les 0 a 4 ans et un coin a la fine pointe de la technologie pour les adolescents."
Le Sud-Ouest,Bibliotheque,Bibliotheque Marie-Uguay,"6052, boulevard Monk",H4E 3H6,Montreal,QC,1,1,1,0,1,1,1,0,s,1,1,b,1,1,1,y,excellent for families and seniors. clean facilities,n/a,"http://ville.montreal.qc.ca/portal/page?_pageid=4276,5623059&_dad=portal&_schema=PORTAL&section=accueil&lieu=30",-73.5956,45.45772,"Sise a l'emplacement de l'ancien hotel de ville de Ville-Emard, la bibliotheque a ete baptisee en hommage a la jeune poetesse Marie Uguay, decedee du cancer en 1981, a l'a½ge de 26 ans. Cette auteure a fait l'objet de critiques elogieuses pour ses deux recueils de poemes, Signe et Rumeur (1976) et L'outre vie (1979). En 1980, elle se fait connaa©tre du public en participant a la Nuit de la poesie.¶ Malgre la maladie, elle a poursuivi son oeuvre. a l'inauguration de la maison de la culture, en 1982, la maison d'edition Noroa©t lance le troisieme recueil de la poetesse, Autoportraits. Depuis, afin de perpetuer cette oeuvre de Marie Uguay, residante du quartier, la bibliotheque eponyme se fait un devoir et un plaisir de promouvoir la poesie et ses createurs."
Mercier-Hochelaga-Maisonneuve,Bibliotheque,Bibliotheque de Mercier,"8105, rue Hochelaga",H1L 2K9,Montreal,QC,1,1,1,0,0,0,1,0,m,1,1,f,1,1,1,y,pleasant staff but facilities need an upgrade to meet modern UAP standards,n/a,"http://ville.montreal.qc.ca/portal/page?_pageid=4276,5623059&_dad=portal&_schema=PORTAL&section=accueil&lieu=31",-73.5233,45.59574,"Dynamique! On ne peut mieux qualifier cette bibliotheque inauguree en octobre 1989. De nombreux abonnes se sont regroupes et ont forme trois cercles litteraires pour adultes. De plus, l'Atelier d'histoire de la Longue-Pointe y poursuit ses activites permettant de mettre en valeur l'histoire et le patrimoine de cet important quartier montrealais."
Le Plateau-Mont-Royal,Bibliotheque,Bibliotheque Mordecai-Richler,"5434, avenue du Parc",H2V 4G7,Montreal,QC,1,1,1,2,0,0,1,0,l,1,1,f,1,0,1,y,very well designed for strollers but lack of clear signage,n/a,"http://ville.montreal.qc.ca/portal/page?_pageid=4276,5623059&_dad=portal&_schema=PORTAL&section=accueil&lieu=32",-73.6016,45.52191,"La bibliotheque Mordecai-Richler (anciennement bibliotheque du Mile End) occupe une place de choix au cour de la vie communautaire de son quartier. Elle est situee sur l'avenue du Parc dans l'ancienne eglise Church of the Ascension construite en 1910 et ayant conserve ses principaux elements architecturaux.Elle offre une foule d'activites, d'ateliers et de conferences qui abordent des sujets pour petits et grands. En plus des documents en franaõais et en anglais, la bibliotheque compte une vaste collection d'ouvrages en chinois et en espagnol. Elle se specialise egalement dans les bandes dessinees et les guides de voyages, en plus d'offrir de nombreux disques compacts et de DVD. La section jeunesse se distingue aussi par sa Zone Ados qui offre un lieu de lecture et d'echange pour les 12 a 17 ans.Mordecai RichlerNe en 1931 dans une famille d'immigrants juifs de Montreal, Mordecai Richler etait romancier, journaliste et polemiste. Par son ouvre evocatrice et provocante, Richler temoigne de son epoque et de son lieu d'origine. C'est a partir de 1959, avec la publication du roman The Apprenticeship of Duddy Kravitz (L'apprentissage de Duddy Kravitz), qu'il est reconnu comme ¶® l'un des plus grands romanciers du Canada et du monde entier ¶¯. Il remporte de nombreuses distinctions, dont deux prix du Gouverneur general (1968, 1971) et le Screenwriters Guild of America Award (1974). Cinq de ses romans ont ete adaptes au cinema, dont Barney's Versionen 2010. Il est decede en 2001."
Cote-des-Neiges-Notre-Dame-de-Gra½ce,Bibliotheque,Bibliotheque de Notre-Dame-de-Gra½ce,"3755, rue Botrel",H4A 3G8,Montreal,QC,1,1,1,6,1,1,1,0,m,1,1,f,1,1,1,y,very good quality and excellent facilities.,n/a,"http://ville.montreal.qc.ca/portal/page?_pageid=4276,5623059&_dad=portal&_schema=PORTAL&section=accueil&lieu=35",-73.6146,45.47551,"Ouverte en 1984 dans un edifice ba½ti en 1910 et qui a longtemps servi de poste de police, la bibliotheque de Notre-Dame-de-Gra½ce prenait la releve de la petite bibliotheque qui existait depuis les annees 1950 dans le manoir Notre-Dame-de-Gra½ce. Depuis des decennies, elle est une importante source de vie intellectuelle dans le quartier.¶ Le ba½timent est reconnu pour sa valeur patrimoniale exceptionnelle. Il a ete renove en profondeur et a son seuil se trouve une oeuvre d'art: de monumentales portes en aluminium coule a incrustation de verre clair et colore. Elles sont l'oeuvre de la sculpteure montrealaise Sylvie Rochette."
LaSalle,Bibliotheque,Bibliotheque L'Octogone,"1080, avenue Dollard",H8N 2T9,Montreal,QC,1,1,1,3,0,1,1,0,l,1,1,f,1,0,1,y,very well designed for strollers but lack of clear signage,514 367-6376,"http://ville.montreal.qc.ca/portal/page?_pageid=4276,5623059&_dad=portal&_schema=PORTAL&section=accueil&lieu=28",-73.6234,45.42434,"La bibliotheque de LaSalle, construite en 1984, tire son nom de sa forme architecturale : elle est composee de deux octogones dont l'un, le plus grand, abrite la collection des adultes et l'autre, la section reservee aux enfants. De longues fenetres sur les cotes de l'octogone apportent un eclairage naturel et permettent une vue sur le parc Felix-Leclerc.La sculpture exterieure, intitulee 'Signal dans l'espace', a ete realisee par Claude Lamarche, artiste pluridisciplinaire. Elle guide le citoyen vers le lieu culturel lasallois. Pour l'artiste, l'oeuvre represente un signal de la necessite d'encourager l'acte createur et la liberte d'expression."
Villeray-Saint-Michel-Parc-Extension,Bibliotheque,Bibliotheque de Parc-Extension,"421, rue Saint-Roch",H3N 1K2,Montreal,QC,1,1,1,0,1,1,1,0,s,1,1,f,1,1,1,y,pleasant staff but facilities need an upgrade to meet modern UAP standards,514 872-6071,"https://www.facebook.com/bibliodeparcextension,http://ville.montreal.qc.ca/portal/page?_pageid=4276,5623059&_dad=portal&_schema=PORTAL&section=accueil&lieu=36",-73.6285,45.53117,"Inauguree en 2002, la bibliotheque de Parc-Extension est la deuxieme bibliotheque multilingue du Reseau des bibliotheques de Montreal a voir le jour. Elle s'integre au complexe William-Hingston, lequel offre une gamme de services communautaires, culturels, educatifs, sportifs et de loisirs au sein d'un meme ensemble immobilier. Dans le vaste local vitre de l'entree, les visiteurs peuvent admirer une creation de Lisette Lemieux intitulee 'Table des matieres de supports du savoir', realisee en 1995. Veritable abecedaire mariant textures et materiaux, lettres et mots, l'oeuvre temoigne a la fois de la richesse du langage et des connaissances. Six autres oeuvres originales rendent compte d'une demarche de questionnement sur l'appartenance et l'origine dans ce quartier aux multiples provenances."
Ville-Marie,Bibliotheque,Bibliotheque Pere-Ambroise,"2093, rue de la Visitation",H2L 3C9,Montreal,QC,1,1,1,0,1,1,1,0,s,1,1,b,1,0,1,y,very well designed for strollers but lack of clear signage,514 872-1633,"http://ville.montreal.qc.ca/portal/page?_pageid=4276,5623059&_dad=portal&_schema=PORTAL&section=accueil&lieu=11",-73.5627,45.52279,"La nouvelle bibliotheque familiale Pere-Ambroise a ouvert ses portes le 5 janvier 2009 et elle est situee dans l'edifice de l'Association sportive et communautaire du Centre-Sud.¶ Les collections adultes et jeunes sont presentees de maniere innovatrice, c'est la couleur du rayonnage qui oriente les clienteles vers les collections qui leur sont destinees. Elles sont reparties de faaõon a ce que les adultes et les jeunes partagent le meme espace de lecture.L'amenagement est fonctionnel, ludique et contemporain, avec un espace accru pour les personnes handicapees. Des panneaux de verre colore et un plafond central vert vibrant donnent le ton et dynamisent l'espace.¶ Les aires de lecture sont majoritairement situees pres des fenetres, avec vue sur le parc et la toiture vegetale adjacente qui recouvre la piscine et la pataugeoire."
Pierrefonds-Roxboro,Bibliotheque,Bibliotheque de Pierrefonds,"13555, boulevard Pierrefonds",H9A 1A6,Montreal,QC,1,1,1,0,1,1,1,0,s,1,1,b,1,0,1,y,excellent for families and seniors. clean facilities,514 620-4181,"http://ville.montreal.qc.ca/portal/page?_pageid=4276,5623059&_dad=portal&_schema=PORTAL&section=accueil&lieu=37",-73.8472,45.49519,"Courbes et vent', une oeuvre de Joa®lle Morosoli, occupe une grande surface exterieure de la bibliotheque de Pierrefonds. Cette murale est en mouvement aux heures d'ouverture de la bibliotheque : des bandes de metal peintes de couleur blanche se transforment en feuilles et semblent se courber sous l'action du vent.¶ L'artiste explique que ¶® cette murale se veut le miroir d'un arbre japonais qui lui fait face ¶¯. Elle souligne aussi l'importance du mouvement que prend la murale : ¶® Au debut du mouvement, les branches blanches se courbent harmonieusement, puis a l'extremite gauche, une branche se deplace plus rapidement pour creer a la fin du mouvement un enchevetrement complexe de feuilles. Cet arbre stylise reflete l'art oriental au travers de son apparente fragilite et de son rythme harmonieux."
Le Plateau-Mont-Royal,Bibliotheque,Bibliotheque du Plateau-Mont-Royal,"465, avenue du Mont-Royal Est",H2J 1W3,Montreal,QC,1,1,1,1,0,1,1,0,l,1,1,f,1,0,1,y,very good quality and excellent facilities.,514 872-2271,"http://ville.montreal.qc.ca/portal/page?_pageid=4276,5623059&_dad=portal&_schema=PORTAL&section=accueil&lieu=38",-73.5824,45.52482,"L'edifice dans lequel logent la bibliotheque et la maison de la culture du Plateau-Mont-Royal a ete construit en 1896 par les architectes Resther, pere et fils. a l'epoque, le ba½timent appartenait aux soeurs enseignantes de Sainte-Croix et logeait le pensionnat Saint-Basile pour jeunes filles. En 1984, la bibliotheque et la maison de la culture ouvrent leurs portes. Aujourd'hui, le ba½timent abrite egalement des logements pour les personnes a½gees.¶ Plusieurs oeuvres d'art sont exposees dans la bibliotheque, parmi lesquelles 'Courtepointes de chat' des artistes Marie Decary et Lise Nantel, dans la section des enfants. Le comptoir de pret de meme que la salle de travail ont ete realises par la sculpteure Lisette Lemieux; ils consistent en un ensemble de cloisons-paravents ajourees en bois d'erable."
Riviere-des-Prairies-Pointe-aux-Trembles,Bibliotheque,Bibliotheque de Pointe-aux-Trembles,"14001, rue Notre-Dame Est",H1A 1T9,Montreal,QC,1,1,1,5,0,1,1,0,m,1,1,f,1,0,1,y,very well designed for strollers but lack of clear signage,n/a,"http://ville.montreal.qc.ca/portal/page?_pageid=4276,5623059&_dad=portal&_schema=PORTAL&section=accueil&lieu=39",-73.4944,45.66772,"Implantee dans le quartier Pointe-aux-Trembles, la bibliotheque fait partie d'un complexe qui regroupe la maison de la culture et le Centre multimedia de l'est de Montreal. Le Centre multimedia est une entreprise en economie sociale qui a pour mission de democratiser l'acces aux nouvelles technologies, soutenir la creativite et elargir les possibilites de production et de diffusion culturelles des organismes du milieu et des artistes montrealais en emergence. Les nouvelles technologies sont d'ailleurs au coeur du service offert par la bibliotheque Pointe-aux-Trembles. Seize postes multimedias sont mis gratuitement a la disposition de la clientele dont quatre sont dedies a la bureautique."
Riviere-des-Prairies-Pointe-aux-Trembles,Bibliotheque,Bibliotheque de Riviere-des-Prairies,"9001, boulevard Perras",H1E 3J7,Montreal,QC,1,1,1,4,1,0,1,0,l,1,1,f,1,1,1,y,very well designed for strollers but lack of clear signage,n/a,"http://ville.montreal.qc.ca/portal/page?_pageid=4276,5623059&_dad=portal&_schema=PORTAL&section=accueil&lieu=43",-73.5788,45.64964,"La bibliotheque de Riviere-des-Prairies est situee au coeur du quartier. Tout autour se trouvent un centre communautaire oaû des organismes du quartier, dont une joujoutheque, ont leurs locaux, un arena, un centre aquatique. La bibliotheque accueille une forte clientele adolescente en raison de sa proximite avec l'ecole secondaire Jean-Grou qui est situee tout a cote. La bibliotheque possede une salle d'exposition mise a la disposition de la maison de la culture Riviere-des-Prairies."
Outremont,Bibliotheque,Bibliotheque Robert-Bourassa,"41, avenue Saint-Just",H2V 4T7,Montreal,QC,1,1,1,6,1,0,1,0,m,1,1,f,1,1,1,y,"overall very inclusive and accommodating, future improvements planned",514 495-6208,"http://ville.montreal.qc.ca/portal/page?_pageid=4276,5623059&_dad=portal&_schema=PORTAL&section=accueil&lieu=44",-73.6085,45.51775,"La bibliotheque Robert-Bourassa, situee au 41 avenue Saint-Just, ouvre ses portes le 1er avril 1998. Le nouveau ba½timent, dont la superficie a ete multipliee par sept comparativement a l'ancienne bibliotheque, offre des aires communicantes. Cette approche architecturale, qui fait grandement appel a la lumiere naturelle, a l'innovation et a l'ouverture, permet le developpement d'une synergie entre les differentes fonctions de la bibliotheque et les usagers. Sur les murs de la bibliotheque sont exposees des oeuvres d'art pretees par la galerie d'art d'Outremont, adjacente, et qui completent l'harmonie d'ensemble du ba½timent."
Rosemont-La Petite-Patrie,Bibliotheque,Bibliotheque de Rosemont,"3131, boulevard Rosemont",H1Y 1M4,Montreal,QC,1,1,1,2,0,1,1,0,m,1,1,f,1,0,1,y,"overall very inclusive and accommodating, future improvements planned",n/a,"http://ville.montreal.qc.ca/portal/page?_pageid=4276,5623059&_dad=portal&_schema=PORTAL&section=accueil&lieu=45",-73.582,45.55152,"La construction de cet edifice de style art deco a ete terminee en 1949. Lors des renovations de 2003, une attention toute particuliere a ete portee a la conservation des caracteristiques de ce style architectural tout en offrant plus d'espace et de services aux usagers."
Pierrefonds-Roxboro,Bibliotheque,Bibliotheque de Roxboro,"110, rue Cartier",H8Y 1G8,Montreal,QC,1,1,1,8,0,1,1,0,s,1,1,f,1,0,1,y,excellent for families and seniors. clean facilities,514 684-8247,"http://ville.montreal.qc.ca/portal/page?_pageid=4276,5623059&_dad=portal&_schema=PORTAL&section=accueil&lieu=46",-73.8133,45.50413,"L'implantation de cette bibliotheque a debute en 1960. Des residants ont alors fait appel a la participation de leurs concitoyens en recueillant des livres et en amassant des fonds, a raison de 1 $ par personne. a cette epoque, on entreposait les livres dans le sous-sol d'une maison. Depuis, la bibliotheque a grandi et l'enthousiasme des citoyens ne s'est jamais dementi."
Le Sud-Ouest,Bibliotheque,Bibliotheque de Saint-Charles,Secteur adultes,H3K 3E3,Montreal,QC,1,1,1,8,1,1,1,0,m,1,1,f,1,1,1,y,pleasant staff but facilities need an upgrade to meet modern UAP standards,514 872-3092,"http://ville.montreal.qc.ca/portal/page?_pageid=4276,5623059&_dad=portal&_schema=PORTAL&section=accueil&lieu=47",-73.5644,45.47884,"Cette bibliotheque occupe elle aussi une ancienne caserne de pompiers, celle-la datant de 1891. En 1973, c'est sous la pression des citoyens que l'edifice est sauve de la demolition et reamenage. Des son ouverture en 1976, la bibliotheque devient un veritable lieu de rencontre pour les residants des environs. Dans ce quartier ouvrier aux multiples problematiques sociales, la bibliotheque devient le coeur vivant d'une participation citoyenne active.On y trouve une oeuvre d'art unique, intitulee 'Monsieur Philippe'. Il s'agit d'une table dessinee par Philippe Beha, un illustrateur montrealais d'origine marocaine au talent aussi intarissable que son imagination. La table a ete realisee par l'architecte Philippe Lupien. C'est sur le plateau de cette table insolite que les enfants viennent tous les jours faire leurs devoirs. Inspirant!"
Le Sud-Ouest,Bibliotheque,Bibliotheque de Saint-Henri,"4707, rue Notre-Dame Ouest",H4C 1S9,Montreal,QC,1,1,1,2,1,1,1,0,s,1,1,f,1,0,1,y,very good quality and excellent facilities.,514 872-2879,"http://ville.montreal.qc.ca/portal/page?_pageid=4276,5623059&_dad=portal&_schema=PORTAL&section=accueil&lieu=34",-73.5889,45.47268,"Situee au coeur du quartier Saint-Henri, la bibliotheque Notre-Dame est demenagee en face de ses anciens locaux pour s'installer au rez-de-chaussee d'une ancienne usine de la compagnie Asten Johnson. Cette nouvelle bibliotheque inauguree en 2008 a troque son nom pour Saint-Henri. La bibliotheque Saint-Henri possede un decor ludique et moderne et une atmosphere conviviale qui se prete aux plaisirs de la lecture. Lumineuse, coloree, elle a ete amenagee specialement pour la famille : sieges et postes de travail adaptes, espace ouvert pour l'heure du conte, salles d'animation et salles de travail, coin allaitement, chaises beraõantes, tables a langer, etc."
Saint-Laurent,Bibliotheque,Bibliotheque du Vieux-Saint-Laurent,"1380, rue de l'Eglise",H4L 2H2,Montreal,QC,1,1,1,1,0,1,1,0,l,1,1,f,1,1,1,y,very well designed for strollers but lack of clear signage,514 855-6130,"http://ville.montreal.qc.ca/portal/page?_pageid=4276,5623059&_dad=portal&_schema=PORTAL&section=accueil&lieu=48",-73.6766,45.51269,"La bibliotheque actuelle a ete inauguree en 1965. En 1990, un nouvel amenagement paysager fait place a la sculpture 'Cailloudo', du repute Charles Daudelin (1920-2001). 'Cailloudo' est un bronze-fontaine dont la forme ressemble a un oeuf allonge ou un caillou use par le temps. a partir d'un tertre de brique de beton se dessinent sur le sol les cercles que peut faire l'eau quand on y lance un caillou.¶ Au centre de la sculpture jaillissent l'eau et la lumiere. Recipiendaire du prix Paul-Emile-Borduas en 1985 et artiste reconnu comme pionnier quebecois de la sculpture abstraite et de l'art integre a l'architecture, Charles Daudelin est etroitement lie a l'histoire de Saint-Laurent puisque c'est lui qui a realise les decors, les affiches et les costumes des productions des Compagnons de Saint-Laurent (1937-1952), la celebre troupe de thea½tre du pere Emile Legault (1906-1983)."
Saint-Leonard,Bibliotheque,Bibliotheque de Saint-Leonard,"8420, boulevard Lacordaire",H1R 3G5,Montreal,QC,1,1,1,3,0,1,1,0,m,1,1,b,1,1,1,y,pleasant staff but facilities need an upgrade to meet modern UAP standards,514 328-8500 #8592,"http://ville.montreal.qc.ca/portal/page?_pageid=4276,5623059&_dad=portal&_schema=PORTAL&section=accueil&lieu=49",-73.5972,45.58665,"La premiere bibliotheque de Saint-Leonard est inauguree en 1966. Elle est alors situee rue Jarry, dans une maison tres modeste. En 1974, le nouvel hotel de ville et la bibliotheque actuelle sont construits cote a cote, boulevard Lacordaire. Agrandie en 1984, la bibliotheque se modernise au fil des annees et abrite la splendide galerie Port-Maurice.'Trait-d'union', une oeuvre de Michel Goulet, est installee place Roger-Nantel, face a la bibliotheque. L'ensemble sculptural est compose de douze colonnes en beton supportant differentes pierres de taille. Des quatre colonnes centrales dominant l'ensemble s'ecoulent des filets d'eau glissant dans un bassin."
Villeray-Saint-Michel-Parc-Extension,Bibliotheque,Bibliotheque de Saint-Michel,"7601, rue Franaõois-Perrault",H2A 3L6,Montreal,QC,1,1,1,4,1,1,1,0,m,1,1,b,1,0,1,y,very well designed for strollers but lack of clear signage,n/a,"http://ville.montreal.qc.ca/portal/page?_pageid=4276,5623059&_dad=portal&_schema=PORTAL&section=accueil&lieu=50",-73.6024,45.56224,"Temoin architectural des annees 1960, la bibliotheque de Saint-Michel, situee dans le parc octogonal Franaõois-Perrault, a conserve plusieurs attributs de son style d'origine, dont le mur ouest incurve en forme de ¶® s ¶¯ allonge. Trois collections de faux vitraux ornent les fenetres de l'entree et la section des jeunes. Ces oeuvres aux couleurs chaudes et flamboyantes ont ete realisees en collaboration avec des partenaires du milieu. La collaboration se poursuit encore aujourd'hui, puisque la bibliotheque demeure un lieu de rencontre et d'animation tres apprecie de la communaute. La proximite de la Cite des arts du cirque, dans le quartier Saint-Michel, fait en sorte que le public s'interesse de plus en plus aux arts circassiens; la bibliotheque en tient compte dans son developpement."
Lachine,Bibliotheque,Bibliotheque de Saint-Pierre,"183, rue des Erables",H8R 1B1,Montreal,QC,1,1,1,2,0,1,1,0,s,1,1,f,1,1,1,y,excellent for families and seniors. clean facilities,514 634-3471 #826,"http://ville.montreal.qc.ca/portal/page?_pageid=4276,5623059&_dad=portal&_schema=PORTAL&section=accueil&lieu=51",-73.6511,45.44577,"Sur le mur exterieur du ba½timent de cette petite bibliotheque offrant tous les services d'une grande, on trouve depuis peu une murale peinte dans le cadre d'une association au projet 'Apprendre le graffiti', une premiere pour une bibliotheque montrealaise. Cette signature demontre la volonte de faire de la bibliotheque un lieu oaû les jeunes pourront se reconnaa©tre et profiter de ses services."
Ahuntsic-Cartierville,Bibliotheque,Bibliotheque De Salaberry,"4170, rue de Salaberry",H4J 1H1,Montreal,QC,1,1,1,5,1,1,1,0,s,1,1,f,1,1,1,y,"overall very inclusive and accommodating, future improvements planned",514 872-1521,"http://ville.montreal.qc.ca/portal/page?_pageid=4276,5623059&_dad=portal&_schema=PORTAL&section=accueil&lieu=54",-73.704,45.53471,"La bibliotheque De Salaberry, une des deux bibliotheques consacrees exclusivement a la jeunesse, est mise en service le 20 novembre 1964. Situee en face du parc Sainte-Odile et a quelques metres de la sortie 4 de l'autoroute 15 Nord, elle occupe une ba½tisse qu'elle partage avec une caserne de pompiers, comme le voulait la tradition a l'epoque. En 40 ans, la bibliotheque a developpe une solide expertise qu'elle partage avec les jeunes, mais egalement avec les parents, les professeurs et les educateurs."
Lachine,Bibliotheque,Bibliotheque Saul-Bellow,"800, rue Sherbrooke",H8S 1H2,Lachine,QC,1,1,1,2,1,1,1,0,l,1,1,f,1,0,1,y,excellent for families and seniors. clean facilities,n/a,"http://ville.montreal.qc.ca/portal/page?_pageid=4276,5623059&_dad=portal&_schema=PORTAL&section=accueil&lieu=55",-73.671,45.44497,"Saul Bellow est ne a Lachine le 10 juin 1915. Deux ans auparavant, ses parents emigraient de Russie. L'enfant grandit dans un quartier ouvrier de Montreal, au contact de la communaute juive. Universitaire et romancier, au confluent des cultures americaine, russe et yiddish, Saul Bellow est un moraliste, un chroniqueur de son siecle, un decouvreur d'idees. Cet humaniste est considere comme l'ecrivain qui decrit le mieux l'experience des immigrants a la decouverte de leur Amerique. En 1976, son oeuvre a ete couronnee par le prix Nobel de litterature. Saul Bellow est decede le 5 avril 2005 a Brookline, au Massachussetts. Inauguree en 1975, la bibliotheque porte son nom depuis 1984."
Verdun,Bibliotheque,Bibliotheque de Verdun,"5955, rue Bannantyne",H4H 1H6,Montreal,QC,1,1,1,2,1,1,1,0,m,1,1,b,1,0,1,y,"overall very inclusive and accommodating, future improvements planned",514 765-7170,"http://ville.montreal.qc.ca/portal/page?_pageid=4276,5623059&_dad=portal&_schema=PORTAL&section=accueil&lieu=56",-73.577,45.44821,"La bibliotheque de Verdun ouvre ses portes le 9 mai 1944. Pres de 4 000 residants s'abonnent des la premiere annee. Puis, la bibliotheque emmenage dans l'edifice actuel du centre culturel de Verdun, inaugure le 3 mai 1967. En plus de la bibliotheque, le centre culturel abrite la salle Canadiana, qui regroupe des collections d'ouvrages en histoire du Canada et en genealogie.Devant le centre culturel se dresse 'La Naissance', une oeuvre de Claude Millette. Ne au debut des annees 1950, ce jeune sculpteur a tout d'abord exprime son art en s'attaquant au bois, pour ensuite couler l'acier, un metal dont il a reussi a surmonter l'austerite en faisant ressortir le veloute des surfaces. Il a, a ses debuts, reaõu conseils et encouragements de la part de l'artiste quebecois de renommee internationale, Armand Vaillancourt."
Montreal-Nord,Centre communautaire,Maison culturelle et communautaire de Montreal-Nord,"12004, boulevard Rolland",H1G 3W1,Montreal,QC,1,1,1,0,1,1,1,0,M,1,1,B,1,1,1,Y,"overall very inclusive and accommodating, future improvements planned",514 328-4000 #5640,"http://ville.montreal.qc.ca/portal/page?_pageid=8717,97083777&_dad=portal&_schema=PORTAL",-73.6208,45.6164,"La Maison culturelle et communautaire de Montreal-Nord est un important lieu de diffusion dans son arrondissement. Elle¶ abrite une bibliotheque qui offre des collections variees pour tous les groupes d'a½ge, 16 postes informatiques et une grande salle reservee aux nombreuses animations. Elle comprend egalement une salle de spectacle de 234 sieges et une salle de repetition. La compagnie de danse Bouge de la y reside six semaines par annee.La Maison regroupe egalement une salle d'exposition, une agora, 16 salles reservees aux activites communautaires, incluant un studio d'enregistrement et de radio communautaire. Le CPE Mini-Fee, l'espace de restauration Les Fourchettes de l'espoir et les bureaux administratifs de l'organisme Un itineraire pour tous y logent egalement.La Maison culturelle et communautaire de Montreal-Nord est un lieu convivial et ouvert a la communaute.¶"
Pierrefonds-Roxboro,Centre communautaire,Centre communautaire de l'Est,"9665, Gouin boulevard West",H8Y 1R4,Montreal,QC,0,0,1,0,0,1,0,0,m,1,1,f,1,0,1,y,"good experience, helpful staff",514 684-0091,"http://ville.montreal.qc.ca/portal/page?_pageid=8377,93769590&_dad=portal&_schema=PORTAL",-73.7859,45.50488,"Compose d'une grande salle polyvalente et de nombreuses petites salles de reunion, le Centre communautaire de l'Est est un lieu culturel de qualite qui presente principalement des spectacles et des films pour enfants ainsi que des concerts de musique."
Verdun,Centre communautaire,Centre communautaire Elgar,"260, rue Elgar",H3E 1C9,Montreal,QC,1,1,1,15,1,1,1,0,l,1,1,b,1,0,1,y,very good quality and excellent facilities.,514 765-7270,http://www.accesculture.com/emplacement/CentreCommunautaireElgar,-73.5467,45.45714,"Parmi les lieux de representations de l'arrondissement de Verdun, le centre communautaire Elgar est un des principaux lieux de diffusion. Il offre au public une programmation diversifiee : spectacles, conferences, animations, expositions, musique, chanson, danse, thea½tre, arts visuels."
Anjou,Centre communautaire,Centre communautaire d'Anjou,"7800, boulevard Metropolitain Est",H1K 1A1,Anjou,QC,1,0,1,8,1,1,1,0,m,1,1,b,1,0,1,y,"good experience, helpful staff",514 493-8200,"http://ville.montreal.qc.ca/portal/page?_dad=portal&_pageid=6958,70505573&_schema=PORTAL",-73.5642,45.60649,Centre communautaire dote d'une salle multifonctionnelle qui est utilisee regulierement pour diffuser des spectacles presentes par l'arrondissement d'Anjou.
Saint-Laurent,Centre des loisirs,Centre des loisirs de Saint-Laurent,"1375, rue Grenet",H4L 5K3,Montreal,QC,1,1,0,2,1,1,1,0,l,1,1,b,1,0,1,y,leisure centre accessible for all,n/a,"http://ville.montreal.qc.ca/portal/page?_pageid=7937,86683617&_dad=portal&_schema=PORTAL",-73.6914,45.51407,"Lieu majeur de diffusion culturel dans l'arrondissement de Saint-Laurent, le Centre des loisirs de Saint-Laurent propose une programmation culturelle gratuite variee et de qualite, que ce soit spectacle de thea½tre, concerts ou films."
Rosemont-La Petite-Patrie,Cinema,Cinema Beaubien,"2396, rue Beaubien Est",H2G 1N9,Montreal,QC,1,1,1,12,0,1,0,0,m,0,0,f,1,0,0,s,church old building needs work to be more accessible,514 721-6060,"http://www.facebook.com/CinemaBeaubien,http://cinemabeaubien.com/",-73.5921,45.54805,"Important lieu de diffusion de l'arrondissement de Rosemont-La Petite-Patrie, le Cinema Beaubien met une priorite a programmer des films en langue franaõaise. De plus, il a pour vocation de promouvoir un cinema de qualite du Quebec et d'ailleurs. Chaque ete, la maison de la culture Rosemont-La Petite-Patrie s'installe au Cinema Beaubien pour offrir une programmation gratuite de films a voir en famille."
Outremont,"Cinema,Thea½tre",Thea½tre Outremont,"1248, avenue Bernard Ouest",H2V 1V6,Montreal,QC,0,1,1,16,1,0,0,0,s,1,1,f,0,0,0,s,church old building needs work to be more accessible,514 495-9944,"https://www.facebook.com/theatre.outremont?fref=ts,http://www.theatreoutremont.ca/",-73.609,45.52011,"Le Thea½tre Outremont, classe lieu historique national en 1993 et bien culturel en 1994, est a la fois un cinema de repertoire et un lieu de spectacles d'envergure. Ce lieu de diffusion phare dans l'arrondissement d'Outremont propose une programmation en cinema, en danse, en musique et en thea½tre."
Verdun,Eglise,Eglise Notre-Dame-des-Sept-Douleurs,"4155, rue Wellington",H4G 1V8,Montreal,QC,0,0,1,5,0,0,1,0,s,0,0,f,0,0,1,y,church old building needs work to be more accessible,514 761 3496,www.facebook.com/verdunenscenes,-73.567,45.46272,"Premiere paroisse francophone de Verdun, l'eglise Notre-Dame-des-Sept-Douleurs sert aujourd'hui de lieu de diffusion de la culture pour l'arrondissement. Elle offre une programmation riche en concerts et evenements musicaux."
Ville-Marie,Eglise,Chapelle historique du Bon-Pasteur,"100, rue Sherbrooke Est",H2X 1C3,Montreal,QC,0,0,1,4,0,1,1,0,s,1,0,f,0,0,1,s,church old building needs work to be more accessible,514 872-5338,"http://ville.montreal.qc.ca/portal/page?_pageid=6917,68929665&_dad=portal&_schema=PORTAL",-73.5685,45.51348,"La Chapelle historique du Bon-Pasteur, important lieu culturel de l'arrondissement de Ville-Marie, presente pres de 200 activites musicales chaque annee et de nombreuses expositions, le tout dans un lieu ayant conserve son etat original."
Ahuntsic-Cartierville,Eglise,Eglise evangelique armenienne,"11455, rue Drouart",H3M 2S6,Montreal,QC,1,0,1,3,0,0,1,0,s,0,0,f,0,0,1,s,church old building needs work to be more accessible,n/a,http://www.accesculture.com/,-73.6874,45.53634,L'Eglise evangelique armenienne est utilisee ponctuellement par la Maison de la culture Ahuntsic-Cartierville pour presenter notamment des concerts d'orchestres classiques.
Anjou,Eglise,Eglise Jean XXIII,"7101, avenue de l'Alsace",H1J 2K5,Montreal,QC,0,1,1,1,0,1,1,0,m,1,0,f,1,0,1,n,church old building needs work to be more accessible,514 353-1223,http://www.accesculture.com/emplacement/EgliseJeanXXIII,-73.5822,45.60441,"Situee dans l'arrondissement d'Anjou, L'Eglise Jean XXIII est un lieu de diffusion pour les representations musicales et les recitals de chansons, offerts tous les jeudis dans une ambiance intime."
Pierrefonds-Roxboro,Eglise,Eglise Marie-Reine-de-la-Paix,"11075, boulevard Gouin Ouest",H8Y 1X6,Montreal,QC,1,0,1,0,0,0,1,0,m,0,1,f,0,0,1,n,church old building needs work to be more accessible,514 624-1100,,-73.8141,45.51096,"L'arrondissement Pierrefonds-Roxoboro utilise a l'occasion l'eglise Marie-Reine-de-la-Paix. Lieu de diffusion important en matiere de musique classique, cette eglise offre une programmation riche en concerts."
Villeray-Saint-Michel-Parc-Extension,Eglise,Eglise Saint-Rene-Goupil,"4251, rue du Parc-Rene-Goupil",H1Z 1X8,Montreal,QC,1,1,1,5,0,1,1,0,s,0,1,f,1,0,1,y,church old building needs work to be more accessible,514 722-1161,https://www.facebook.com/hors.murs,-73.6118,45.57796,Cette petite eglise chaleureuse et intimiste situee au cour du quartier Saint-Michel accueille regulierement des spectacles et concerts organises par le programme Hors les murs de l'arrondissement Villeray-Saint-Michel-Parc-Extension.
Riviere-des-Prairies-Pointe-aux-Trembles,Eglise,Eglise Saint-Joseph,"10050, boulevard Gouin Est",H1C 1A8,Montreal,QC,0,0,1,1,0,0,1,0,m,0,0,f,0,0,1,y,church old building needs work to be more accessible,514 648-4650,,-73.5621,45.66317,"Essentiellement utilisee pour les concerts musicaux en formule intime, l'Eglise Saint-Joseph est l'un des lieux utilises par la maison de la culture Riviere-des-Prairies afin de diffuser la culture dans l'arrondissement."
Ahuntsic-Cartierville,Eglise,Eglise de la Visitation-de-la-bienheureuse-vierge-Marie,"1847, boulevard Gouin Est",H2C 1C8,Montreal,QC,1,1,1,0,0,0,1,0,l,1,1,f,1,0,1,y,church old building needs work to be more accessible,514 872-8749,http://mcahuntsic.com/,-73.6604,45.5704,"Lieu utilise par la Maison de la culture Ahuntsic-Cartierville principalement pour la diffusion de concerts de musique classique, l'eglise de la Visitation est la plus ancienne eglise qui subsiste sur l'a©le de Montreal."
Ville-Marie,Eglise,Eglise Saint-James the Apostle,"1439, rue Sainte-Catherine Ouest",H3G 1S6,Montreal,QC,0,0,1,1,0,0,1,0,s,0,1,f,1,0,1,y,museum great for family and accessible,514 849-7577,,-73.5764,45.49653,Cette magnifique eglise neogothique dotee d'un orgue Casavant est utilisee regulierement par l'arrondissement Ville-Marie pour diffuser des concerts ouverts a tous.
Mercier-Hochelaga-Maisonneuve,Musee municipal,Biodome de Montreal,"4777, avenue Pierre-De-Coubertin",H1V 1B3,Montreal,QC,1,1,1,2,1,1,1,0,s,1,1,b,1,1,1,y,museum great for family and accessible,514 868-3000,http://espacepourlavie.ca/biodome,-73.5497,45.5596,"Voyagez sans bagage a Espace pour la vie. Entreprenez un periple immersif et sensoriel a travers les ecosystemes des Ameriques au Biodome. Vibrez au rythme des sons de la foret tropicale, partez a la recherche des lynx dans l'erabliere laurentienne, plongez au cour du golfe du Saint-Laurent et passez faire un clin d'oil aux manchots dans les regions subpolaires. ¶ Laissez nos animateurs scientifiques vous raconter les secrets de cette fascinante biodiversite.¶"
Rosemont-La Petite-Patrie,Musee municipal,Insectarium de Montreal,"4581, rue Sherbrooke Est",H1X 2B2,Montreal,QC,1,1,1,4,1,1,1,1,m,1,1,b,1,1,1,y,museum great for family and accessible,514 872-1400,http://espacepourlavie.ca/insectarium,-73.558,45.56095,"Sortez de votre cocon a Espace pour la vie. Faites connaissance avec les champions de la nature a l'Insectarium. Observez le fascinant travail des fourmis coupeuses de feuilles en pleine action, ecoutez le chant de la cigale et amusez-vous en famille a distinguer les phasmes des feuilles dans leur vivarium. ¶ Venez admirer la delicatesse, la splendeur et l'ingeniosite des plus captivants specimens de notre collection.¶"
Rosemont-La Petite-Patrie,Musee municipal,Jardin botanique de Montreal,"4101, rue Sherbrooke Est",H1X 2B2,Montreal,QC,1,1,1,1,1,1,1,1,m,1,1,b,1,0,1,y,museum great for family and accessible,514 872-1400,http://espacepourlavie.ca/jardin-botanique,-73.5581,45.5583,"Cultivez une parcelle de bonheur a Espace pour la vie. Besoin de serenite? Ici, un lotus sur le point d'ouvrir, la , un saule offre sa fraa©cheur, plus loin, une rose parfume le vent. Besoin d'evasion? Partez a la decouverte des bananiers, plants de cannelle, orchidees et penjing dans les serres. Besoin de sortir? Faites votre choix parmi un bouquet d'evenements culturels pour toute la famille. Laissez-vous inspirer.¶"
Mercier-Hochelaga-Maisonneuve,Musee municipal,Planetarium Rio Tinto Alcan,"4801, Pierre-De-Coubertin avenue",H1V 3V4,Montreal,QC,1,1,1,5,1,1,1,0,l,1,1,b,1,1,1,y,facility recently renovated accesibility much improved,514 868-3000,http://espacepourlavie.ca/planetarium,-73.5502,45.56084,"Changez de perspective a Espace pour la vie. Partez a la decouverte du plus beau ciel etoile de Montreal en compagnie ¶ d'un animateur chevronne. Tel un explorateur, entreprenez un fascinant voyage virtuel qui vous menera a des milliers d'annees-lumiere de la Terre, jusqu'au-dela des etoiles !¶"
Ville-Marie,Musee municipal,Centre d'histoire de Montreal,"335, place D'Youville",H2Y 3T1,Montreal,QC,1,0,0,7,1,1,0,0,s,1,0,b,1,0,1,y,"good experience, helpful staff",514 872-3207,"http://ville.montreal.qc.ca/portal/page?_pageid=8757,97305573&_dad=portal&_schema=PORTAL",-73.5557,45.50103,"Situe dans une ancienne caserne de pompiers, le Centre d'histoire de Montreal a pour mission de faire connaa©tre, comprendre et apprecier la ville de Montreal d'aujourd'hui et la diversite de son patrimoine. Ainsi, les visiteurs pourront decouvrir comment l'histoire des citoyens, qui ont habite et qui habitent encore Montreal, a faaõonne l'environnement urbain, laisse des traces et defini l'identite de la metropole."
Lachine,Musee municipal,Musee de Lachine,"1, chemin du Musee",H8S 4L9,Lachine,QC,1,1,1,5,1,1,1,0,l,1,1,b,1,1,1,s,facility recently renovated accesibility much improved,514 634-3478,www.museedelachine.com,-73.666,45.43098,"En bordure du fleuve Saint-Laurent, a 10 km du centre-ville de Montreal, l'art et l'histoire se rejoignent, occupent un meme espace. Le Musee de Lachine regroupe le Site patrimonial LeBer-LeMoyne accompagne d'une collection archeologique classee, les ba½timents complets les plus anciens de l'a©le de Montreal et un jardin de sculptures contemporaines d'envergure, le Musee plein air de Lachine. De plus, le Musee offre une serie d'expositions et d'activites qui susciteront l'interet du public et feront vivre une experience unique."
Ville-Marie,Musee municipal,"Pointe-a -Calliere, cite d'archeologie et d'histoire de Montreal","350, Place Royale",H2Y 3Y5,Montreal,QC,1,1,1,4,1,1,1,0,mn,1,1,b,1,1,1,s,"good experience, helpful staff",514 872-9150,"http://www.facebook.com/PointeaCalliere,http://pacmusee.qc.ca",-73.5541,45.50257,"Le Musee, edifie sur les lieux de la fondation de Montreal, revele des vestiges de la ville gra½ce a un parcours souterrain. Classe site archeologique et historique national, Pointe-a -Calliere est un ensemble de sites, de ba½timents et de collections qui forment un complexe culturel unique livrant au public la memoire de la ville. En plus de ses expositions permanentes et de son spectacle multimedia, le Musee presente regulierement des expositions temporaires nationales et internationales, en plus de proposer un grand nombre d'activites culturelles, ainsi que des programmes educatifs."
Riviere-des-Prairies-Pointe-aux-Trembles,Salle de spectacle,Cegep Marie-Victorin - Salle Desilets,"7000, rue Marie-Victorin",H1G 2J6,Montreal,QC,1,1,1,1,1,1,1,0,l,1,1,b,0,0,1,s,signage poor,514 328-3878,http://www.collegemv.qc.ca/fr-CA/Accueil/Services_a_la_communaute/centre_culturel_espace_7000/index.aspx,-73.6095,45.61584,"La maison de la culture Riviere-des-Prairies, en collaboration avec Centre culturel Espace 7000, utilise la Salle Desilets afin de presenter au public divers de spectacles - thea½tre, danse et musique."
Rosemont-La Petite-Patrie,Salle de spectacle,Maison de la culture Rosemont-La Petite-Patrie,"6707, avenue De Lorimier",H2G 2P8,Montreal,QC,1,1,1,7,1,1,1,0,m,1,1,f,0,0,1,y,very good quality and excellent facilities.,514 872-1730,"http://ville.montreal.qc.ca/portal/page?_pageid=7357,75921580&_dad=portal&_schema=PORTAL",-73.5983,45.54739,"La Maison de la culture Rosemont-La Petite-Patrie offre une programmation riche et variee, constituee de spectacles, conferences, expositions, musique, danse, thea½tre ou encore cinema. Avec pres de 200 evenements par annee, elle met en avant autant des artistes de la releve que des professionnels."
Cote-des-Neiges-Notre-Dame-de-Gra½ce,Salle de spectacle,Maison de la culture de Cote-des-Neiges,"5290, chemin de la Cote-des-Neiges",H3T 1Y2,Montreal,QC,0,1,1,1,1,1,1,0,l,1,1,f,0,0,1,y,excellent for families and seniors. clean facilities,514 872-6889,"http://ville.montreal.qc.ca/portal/page?_pageid=7497,80863570&_dad=portal&_schema=PORTAL",-73.6221,45.49609,"Principale installation du quartier, la Maison de la culture de Cote-des-Neiges presente de nombreux films, concerts, spectacles et expositions dans sa salle de spectacle de 135 places et ses trois salles d'exposition. La Maison est de plus adjacente a la bibliotheque, facilitant l'acces a la culture."
Ahuntsic-Cartierville,Salle de spectacle,Maison de la culture Ahuntsic-Cartierville,"10300, rue Lajeunesse, 1er etage",H3L 2E5,Montreal,QC,1,1,1,4,1,0,1,0,m,1,1,f,1,0,1,s,facility recently renovated accesibility much improved,514 872-8749,"http://ville.montreal.qc.ca/portal/page?_pageid=7957,87797581&_dad=portal&_schema=PORTAL",-73.664,45.55375,"La maison de la culture Ahuntsic-Cartierville possede une salle d'exposition ainsi qu'une une salle de spectacle de 300 places disposant d'une bonne qualite acoustique. Elle presente une programmation variee : expositions, concerts et spectacles."
Le Plateau-Mont-Royal,Salle de spectacle,Maison de la culture du Plateau-Mont-Royal,"465, avenue du Mont-Royal Est",H2J 1W3,Montreal,QC,0,1,1,0,1,0,1,0,s,1,1,b,1,0,1,s,"good experience, helpful staff",514 872-2266,"http://ville.montreal.qc.ca/portal/page?_pageid=7297,74439577&_dad=portal&_schema=PORTAL",-73.5824,45.52482,"Carrefour culturel du Plateau-Mont-Royal, la maison de la culture met en valeur des artistes novateurs, engages, qui font connaa©tre aux citoyens toutes les facettes possibles de l'activite artistique. Tres impliquee dans son milieu, la maison de la culture propose pres de 125 representations et une vingtaine d'expositions par an, ce qui en fait un incontournable dans l'arrondissement!"
Cote-des-Neiges-Notre-Dame-de-Gra½ce,Salle de spectacle,Maison de la culture de Notre-Dame-de-Gra½ce,"3755, rue Botrel",H4A 3G8,Montreal,QC,1,0,1,4,0,1,1,1,m,1,1,e,1,1,1,y,excellent for families and seniors. clean facilities,514 872-2157,"http://ville.montreal.qc.ca/portal/page?_pageid=7497,80868152&_dad=portal&_schema=PORTAL",-73.6146,45.47551,"Seule installation culturelle municipale du quartier Notre-Dame-de-Gra½ce, cette maison de la culture comporte une salle de spectacle ainsi que trois salles d'exposition, permettant ainsi d'offrir concerts, films, expositions, spectacles de thea½tre, de danse, de musique. Elle compte parmi les premiers lieux de diffusion du reseau ACCa?S CULTURE."
Villeray-Saint-Michel-Parc-Extension,Salle de spectacle,Auditorium Le Prevost,"7355, avenue Christophe-Colomb",H2R 2S5,Montreal,QC,1,0,1,0,1,1,0,0,l,0,0,b,1,0,1,n,needs work difficult for families,514 872-6131,"http://ville.montreal.qc.ca/portal/page?_pageid=8638,95881640&_dad=portal&_schema=PORTAL",-73.6146,45.54389,"L'auditorium Le Prevost, l'une des principales salles de diffusion pour les evenements de la Maison de la culture Villeray-Saint-Michel-Parc-Extension et d'une capacite de plus de 400 places, presente des spectacle de thea½tre, cinema, dance ou musique."
Pierrefonds-Roxboro,Salle de spectacle,Centre culturel de Pierrefonds,"13850, boulevard Gouin Ouest",H8Z 1X7,Montreal,QC,1,1,1,5,1,1,0,0,s,0,0,b,1,0,1,s,excellent for families and seniors. clean facilities,514 624-1100,"http://ville.montreal.qc.ca/portal/page?_pageid=8377,93751586&_dad=portal&_schema=PORTAL",-73.8498,45.49693,"Le centre culturel de Pierrefonds offre une programmation culturelle variee : thea½tre, cinema, chanson, musique?Ý"
Verdun,Salle de spectacle,Centre culturel de Verdun,"5955, rue Bannantyne",H4H 1H6,Montreal,QC,1,0,0,0,1,0,0,1,l,0,0,b,1,1,0,y,facility recently renovated accesibility much improved,514 765-7170,http://www.accesculture.com/emplacement/Centre_culturel_de_Verdun,-73.577,45.44821,"Inaugure en 1967, le Centre culturel de Verdun accueille le public depuis maintenant 40 ans gra½ce a sa bibliotheque, sa salle d'exposition et sa salle de diffusion, la Salle Canadiana, et offre des spectacles, conferences, expositions et plus encore."
LaSalle,Salle de spectacle,Centre culturel et communautaire Henri-Lemieux,"7644, rue Edouard",H8P 1T3,Montreal,QC,1,1,1,0,1,1,0,0,m,0,0,b,0,0,0,s,hard to understand signage and poor english support,514 367-5000,http://www.ccchl.ca/index.php?option=com_content&task=view&id=87&Itemid=99,-73.5944,45.43098,"Fonde en 1986, le Centre Culturel Henri-Lemieux est compose du Thea½tre du Grand Sault - petite salle accueillant de talentueux musiciens d'ici et d'ailleurs - et de la Galerie Les Trois C qui expose les oeuvres d'artistes professionnels en arts visuels. Le Centre Culturel Henri-Lemieux propose egalement de nombreux ateliers et activites dans les domaines du sport, de l'art, des langues ou encore de l'informatique."
Saint-Laurent,Salle de spectacle,Centre d'exposition Lethbridge de la bibliotheque du Boise,"2727, boulevard Thimens",H4R 1T4,Montreal,QC,1,1,1,4,1,0,1,0,l,0,0,f,1,0,1,n,needs work - washrooms poor,514 855-6130 #4443,"http://ville.montreal.qc.ca/portal/page?_pageid=7937,117735576&_dad=portal&_schema=PORTAL",-73.7057,45.50285,"Le centre d'exposition Lethbridge de la bibliotheque du Boise, situe dans l'arrondissement de Saint-Laurent offre un acces privilegie au travail d'artistes professionnels d'ici et d'ailleurs en proposant des expositions d'arts visuels variees et regulieres."
Outremont,Salle de spectacle,Galerie d'art d'Outremont,"41, avenue Saint-Just",H2V 4T7,Montreal,QC,1,1,0,5,0,0,0,0,l,1,1,f,0,0,1,n,needs work difficult for families,n/a,http://www.galeriedartdoutremont.ca/,-73.6085,45.51775,"Situee a proximite de la bibliotheque Robert-Bourassa, la galerie d'art d'Outremont est un important lieu de diffusion artistique depuis 1993. Son objectif est de familiariser le public le plus large possible aux differentes avenues de l'art contemporain. Pour ce faire, la galerie diffuse les ouvres d'artistes professionnels et reserve a chacun une periode d'exposition qui lui est exclusive."
Saint-Leonard,Salle de spectacle,Galerie Port-Maurice,"8420, boulevard Lacordaire",H1R 3G5,Montreal,QC,1,1,1,5,1,0,1,0,m,0,0,f,1,1,1,y,very good quality and excellent facilities.,514 328-8500 #8514,"http://ville.montreal.qc.ca/portal/page?_pageid=7157,73215656&_dad=portal&_schema=PORTAL",-73.5972,45.58665,"Galerie municipale fondee par la Ville de Saint-Leonard en 1979, la galerie Port-Maurice a pour objectif de sensibiliser la population aux differents courants contemporains d'arts visuels. a travers les expositions et vernissages, le public est invite a decouvrir les demarches de la creation artistique tout en s'appropriant l'interpretation des ouvres exposees."
Anjou,Salle de spectacle,Galerie d'art Goncourt,"75000, avenue Goncourt",H1K 3X9,Anjou,QC,1,1,1,2,1,1,0,0,s,1,1,b,0,1,0,s,facility recently renovated accesibility much improved,n/a,http://www.accesculture.com/emplacement/GaleriedartGoncourt,-73.5504,45.60199,La Galerie d'art Goncourt se trouve dans la salle d'animation de la bibliotheque Jean-Corbeil et permet la diffusion d'expositions d'arts visuels.
Riviere-des-Prairies-Pointe-aux-Trembles,Salle de spectacle,Maison Antoine-Beaudry,"14678, rue Notre-Dame Est",H1A 1W1,Montreal,QC,1,1,1,8,1,1,1,1,l,1,1,f,1,0,0,n,needs work difficult for families,514 872-2240,"http://ville.montreal.qc.ca/portal/page?_pageid=7697,84005590&_dad=portal&_schema=PORTAL",-73.4925,45.67707,"Situee a Pointe-aux-Trembles au bord du fleuve, la Maison Antoine-Beaudry, classee monument historique en 1979, accueille depuis 15 ans la maison de la culture Pointe-aux-Trembles et diffuse des evenements culturels tels que, des expositions, des spectacles, des ateliers, des conferences et des activites en plein air."
Montreal-Nord,Salle de spectacle,Maison Brignon-dit-Lapierre,"4251, boulvard Gouin Est",H1H 5L9,Montreal,QC,0,1,1,5,1,1,0,0,m ,0,0,b,0,0,1,y,hard to understand signage and poor english support,514-328-4759,"http://ville.montreal.qc.ca/portal/page?_pageid=8717,97083756&_dad=portal&_schema=PORTAL",-73.6432,45.59948,"Lieu historique de l'arrondissement Montreal-Nord datant de 1770, la Maison Brignon-dit-Lapierre accueille les citoyens et touristes pour des visites commentees mais egalement des soirees animees par des conteurs et des bonimenteurs, des spectacles varies et des ateliers de creation artistique."
Ville-Marie,Salle de spectacle,Maison de la culture Frontenac,"2550, rue Ontario",H2K 1W7,Montreal,QC,0,1,1,0,1,1,1,0,m,1,0,f,1,0,1,s,"good experience, helpful staff",514 872-7882,"http://ville.montreal.qc.ca/portal/page?_pageid=7317,78869689&_dad=portal&_schema=PORTAL",-73.5526,45.53302,"Situee dans l'arrondissement Ville-Marie, la Maison de la culture Frontenac est un haut lieu de decouvertes dans toutes les disciplines artistiques avec ses 150 evenements presentes chaque annee, tels que des spectacles, concerts et expositions, le tout dans deux salles d'expositions, une salle de spectacle et un hall d'entree."
Mercier-Hochelaga-Maisonneuve,Salle de spectacle,Maison de la culture Maisonneuve,"4200, rue Ontario Est",H1V 1K1,Montreal,QC,0,1,0,1,1,0,0,0,m,0,0,f,0,1,1,y,very good quality and excellent facilities.,514 872-2200,"http://ville.montreal.qc.ca/portal/page?_dad=portal&_pageid=95,244952&_schema=PORTAL",-73.5407,45.55113,"La maison de la culture Maisonneuve accueille les citoyens de son quartier pour des spectacles de toutes sortes. Initiatrice de nombreux evenements, la maison de la culture offre une programmation diversifiee : spectacles, cinema, conferences, lectures, expositions et evenements."
Le Sud-Ouest,Salle de spectacle,Maison de la culture Marie-Uguay,"6052, boulevard Monk",H4E 3H6,Montreal,QC,0,0,1,3,1,0,1,0,m,1,0,f,1,1,1,n,excellent support for the blind,514 872-2044,"http://ville.montreal.qc.ca/portal/page?_pageid=7757,84579615&_dad=portal&_schema=PORTAL",-73.5956,45.45772,"Lieu de rendez-vous des artistes en emergence ou encore des grands noms de la chanson de l'arrondissement du Sud-Ouest, la maison de la culture Marie-Uguay offre a l'annee longue des evenements culturels incontournables dans ses salles de spectacles, de conferences ou d'expositions."
Mercier-Hochelaga-Maisonneuve,Salle de spectacle,Maison de la culture Mercier,"8105, rue Hochelaga",H1L 2K9,Montreal,QC,0,1,0,2,1,1,0,0,m,0,1,b,0,1,0,n,facility recently renovated accesibility much improved,514 872-8755,"http://ville.montreal.qc.ca/portal/page?_pageid=95,244956&_dad=portal&_schema=PORTAL",-73.5236,45.59547,"La Maison de la culture Mercier, localisee dans l'arrondissement Mercier-Hochelaga-Maisonneuve, accueille de nombreux spectacles, ateliers et activites dans sa salle d'exposition, son studio multifonctionnel et sa salle de spectacle."
Riviere-des-Prairies-Pointe-aux-Trembles,Salle de spectacle,Maison de la culture Pointe-aux-Trembles,"14001, rue Notre-Dame Est",H1A 1T9,Montreal,QC,0,0,1,2,1,1,1,0,s,1,0,b,1,0,0,s,excellent for families and seniors. clean facilities,514 872-2240,"http://ville.montreal.qc.ca/portal/page?_pageid=7697,84005590&_dad=portal&_schema=PORTAL",-73.4945,45.66815,"La maison de la culture Pointe-aux-Trembles a pour mission de favoriser l'acces a la culture pour tous en mettant les citoyens en contact avec des manifestations culturelles et professionnelles sous toutes les formes. Ainsi, a travers le thea½tre, la musique, la chanson, le cinema, les arts visuels, la danse et le patrimoine, la maison de la culture offre une programmation variee et de grande qualite."
Riviere-des-Prairies-Pointe-aux-Trembles,Salle de spectacle,Maison Pierre-Chartrand,"8000, boulevard Gouin Est",H1E 1B5,Montreal,QC,1,1,0,4,1,0,1,0,l,0,1,b,0,0,1,y,facility recently renovated accesibility much improved,514 872-9814,"http://ville.montreal.qc.ca/portal/page?_pageid=7697,84019576&_dad=portal&_schema=PORTAL",-73.5989,45.64242,"La Maison Pierre-Chartrand abrite les bureaux administratifs de la Maison de la culture Riviere-des-Prairies. Des expositions et, a l'occasion, des activites culturelles ou des animations y sont presentees. La maison de la culture Riviere-des-Prairies est en mode de diffusion hors les murs. Les evenements dans le quartier Riviere-des-Prairies sont donc presentes dans differents lieux tels que la bibliotheque Riviere-des-Prairies, l'Eglise Saint-Joseph et la salle Desilets du Cegep Marie-Victorin."
Lachine,Salle de spectacle,Pavillon de l'Entrepot - Complexe culturel Guy-Descary,"2901, boulevard Saint-Joseph",H8S 4B7,Montreal,QC,0,1,1,5,1,1,1,0,s,0,0,f,1,1,1,n,excellent support for the blind,514 634-3471 #302,"http://ville.montreal.qc.ca/portal/page?_pageid=8117,89115662&_dad=portal&_schema=PORTAL",-73.6899,45.43355,"Le Complexe culturel Guy Descary comprend une salle d'exposition temporaire, une salle d'exposition permanente, trois salles polyvalentes et une salle de spectacle. Ce complexe regroupe trois ba½timents : la Vieille brasserie, l'Entrepot et la Maison du brasseur. L'ancien entrepot de pierre de la Brasserie Dawes construit dans les annees 1860 abrite aujourd'hui une salle de spectacle de 320 places d'une grande qualite scenographique et acoustique. Le ba½timent abrite aussi une salle d'exposition d'arts visuels oaû sont presentes, tout au long de l'annee, les oeuvres d'artistes multidisciplinaires et multiculturels. Le sous-sol de l'Entrepot accueille egalement une exposition permanente du Musee de Lachine."
Rosemont-La Petite-Patrie,Salle de spectacle,Salle Jean-Eudes,"3535, boulevard Rosemont",H1X 1K7,Montreal,QC,1,0,0,6,1,0,1,1,l,1,1,b,1,1,1,s,very good quality and excellent facilities.,514 376-5740 #1140,http://www.jeaneudes.qc.ca/le-college/installation-et-location/salle-jean-eudes/,-73.5787,45.55534,"Principale salle de diffusion des spectacles organises par la maison de la culture Rosemont-Petite-Patrie, la salle Jean-Eudes possede plus de 400 places assises et a ete specialement conaõue pour accueillir des spectacles de danse."
Villeray-Saint-Michel-Parc-Extension,Salle de spectacle,Maison de la culture Villeray-Saint-Michel-Parc-Extension - Salle de diffusion Parc-Extension,"421, rue Saint-Roch",H3N 1K2,Montreal,QC,1,1,1,1,1,1,0,0,l,0,0,b,1,0,0,s,"good experience, helpful staff",514 872-8124,"http://ville.montreal.qc.ca/portal/page?_pageid=8638,95881640&_dad=portal&_schema=PORTAL",-73.6285,45.53117,"La Salle de diffusion Parc-Extension, d'une capacite de plus de 123 places, est une des salles d'activite souvent utilisee pour l'organisation des evenements de la Maison de la culture Villeray-Saint-Michel-Parc-Extension. Elle accueille de nombreux spectacles de musique, de thea½tre, de danse et des expositions d'arts visuels."
L'le-Bizard-Sainte-Genevieve,Salle de spectacle,Salle Pauline-Julien,"15615, boulevard Gouin Ouest",H9H 5K8,Montreal,QC,1,1,0,1,1,0,1,0,m,1,1,f,1,0,1,y,very good quality and excellent facilities.,514 626-1616,http://www.pauline-julien.com/,-73.8694,45.48349,"Diffuseur majeur dans l'arrondissement de L'le-Bizard-Sainte-Genevieve, la Salle Pauline-Julien offre a la communaute un eventail de spectacles professionnels diversifies ainsi qu'une programmation cinematographique de qualite."
Saint-Leonard,Salle de spectacle,Salle d'activites - Saint-Leonard,"8420, boulevard Lacordaire",H1R 3G5,Montreal,QC,1,0,1,2,1,1,0,0,s,0,0,f,0,1,0,n,facility recently renovated accesibility much improved,514 328-8500 #8518,"http://ville.montreal.qc.ca/portal/page?_pageid=7157,73215656&_dad=portal&_schema=PORTAL",-73.5972,45.58665,"Situee dans le hall de la Bibliotheque de Saint-Leonard, la salle d'activite contribue aujourd'hui a diffuser des spectacles de musique de la releve, des films, des conferences et des spectacles pour les tout-petits."
Saint-Laurent,Salle de spectacle,Salle Emile-Legault,"613, avenue Sainte-Croix",H4L 3X7,Montreal,QC,0,1,1,2,1,1,1,1,l,1,0,b,0,0,0,s,hard to understand signage and poor english support,n/a,"https://www.facebook.com/ArrSaintLaurent,ville.montreal.qc.ca/saint-laurent",-73.6725,45.51169,"Entierement renovee en 2011, la salle de spectacle Emile-Legault est situee dans le Cegep Saint-Laurent. Cette salle, d'une capacite de 471 sieges, accueille de nombreux evenements et activites organises par l'arrondissement, tels que des spectacles de danse, de thea½tre et de musique."
Verdun,"Salle de spectacle,Musee municipal",Maison Nivard-De Saint-Dizier,"7244, boulevard LaSalle",H4H 1R4,Montreal,QC,0,1,1,1,0,1,1,0,m,1,0,f,1,0,1,n,facility recently renovated accesibility much improved,514 765-7284,https://www.facebook.com/MaisonNivardDeSaintDizier,-73.5831,45.43749,"Reconnu monument historique et immeuble patrionial, la Maison Nivard-De Saint-Dizier, situee a Verdun, propose une programmation d'activites educatives et culturelles comme des animations historiques, des expositions, des ateliers, des conferences, des contes et des concerts."
Le Plateau-Mont-Royal,Theatre,Theatre de Verdure,Parc La Fontaine,H3C 0G4,Montreal,QC,1,0,1,0,0,0,1,0,m,0,1,f,1,1,1,n,excellent support for the blind,311,"http://ville.montreal.qc.ca/portal/page?_pageid=7297,74441594&_dad=portal&_schema=PORTAL",-73.5535,45.49605,"Thea½tre exterieur situe au parc La Fontaine, le thea½tre de Verdure a pour vocation de diffuser des spectacles professionnels et des films durant la saison estivale. Sa programmation gratuite attire plus de 65 000 personnes chaque annee : les habitants du quartier, mais aussi les citoyens et touristes de toute la ville.Le thea½tre de Verdure est ferme pour renovation. En attendant la fin des travaux, profitez des¶ nombreuses activites culturelles offertes pres¶ de chez vous.accesculture.comInformations : 311"
Saint-Leonard,Theatre,Theatre Mirella et Lino Saputo,"8370, boulevard Lacordaire",H1R 3Y6,Montreal,QC,1,1,1,5,0,1,1,0,s,0,1,f,1,0,1,y,hard to understand signage and poor english support,514-955-8370,http://www.centreleonardodavinci.com/fr/saputo_theatre.php,-73.5957,45.58593,"L'arrondissement de Saint-Leonard presente au Thea½tre Mirella et Lino Saputo la tres grande majorite de ses spectacles dans le cadre de la Saison culturelle. Le Thea½tre propose egalement de nombreux concerts, pieces de thea½tre, spectacles pour la famille."
Ville-Marie,Lieux et batiments d'interet,Centre Bell,1909 avenue des Canadiens-de-Montreal,,Montreal,QC,1,1,1,0,1,1,1,0,l,1,1,b,1,1,1,y,modern arena great accessibility all round,514 932-2582,http://www.centrebell.ca,-73.569862,45.496309,Description needs user input for this location
Ville-Marie,Lieux et batiments d'interet,Stade Percival-Molson,475 avenue des Pins Ouest,,Montreal,QC,0,1,0,2,1,1,1,0,m,1,1,b,1,1,1,s,"difficult location to access, hill makes a large obstacle",514 787-2500,http://fr.montrealalouettes.com/page/stade-percival-molson_102967,-73.580707,45.51014,Description needs user input for this location
Ville-Marie,Lieux et batiments d'interet,La Ronde,22 chemin Macdonald,H4B 5G0,Montreal,QC,1,1,1,5,1,1,1,0,l,1,1,b,1,1,1,y,this location requires user input on accessibility,514 397-2000,http://laronde.com/,-73.535029,45.522052,Description needs user input for this location
Ville-Marie,Lieux et batiments d'interet,Parc du Mont-Royal,1260 chemin Remembrance,H2W 1S4,Montreal,QC,1,1,1,1,1,1,1,0,m,1,1,b,1,1,1,y,this location requires user input on accessibility,311,"http://ville.montreal.qc.ca/portal/page?_pageid=7317,84222189&_dad=portal&_schema=PORTAL",-73.593024,45.501692,Description needs user input for this location
Ville-Marie,Lieux et batiments d'interet,Bassin olympique,Parc Jean-Drapeau,H3C 6A3,Montreal,QC,1,1,1,4,1,1,1,0,s,1,1,b,1,1,1,y,this location requires user input on accessibility,514 872-6120,http://www.parcjeandrapeau.com/attractions/bassin-olympique/,-73.525261,45.513309,Description needs user input for this location
Ville-Marie,Lieux et batiments d'interet,Circuit Gilles-Villeneuve,Parc Jean-Drapeau,H3C 6A3,Montreal,QC,1,0,1,1,1,1,1,0,m,1,1,b,1,1,1,y,this location requires user input on accessibility,515 872-6120,http://www.parcjeandrapeau.com/attractions/circuit-gilles-villeneuve/,-73.524488,45.50749,Description needs user input for this location
Ville-Marie,Lieux et batiments d'interet,Vieux-Port de Montreal,rue de la Commune entre Saint-Hubert et Mills,H3C 6A3,Montreal,QC,1,0,1,0,1,1,1,1,l,0,1,b,1,1,1,y,this location requires user input on accessibility,514 496-7678,http://www.vieuxportdemontreal.com/accueil.html,-73.550983,45.50696,Description needs user input for this location
Ville-Marie,Lieux et batiments d'interet,Plage de l'Horloge,Vieux-Port de Montreal,H3C 6A3,Montreal,QC,1,1,0,0,1,0,0,0,s,1,0,b,1,1,1,y,this location requires user input on accessibility,514 496-7678,http://www.vieuxportdemontreal.com/plage-de-lhorloge.html,-73.546118,45.512572,Description needs user input for this location
Ville-Marie,Lieux et batiments d'interet,L'isle Notre-Dame,L'isle Notre-Dame,H3C 6A3,Montreal,QC,1,0,0,0,1,0,0,0,l,0,0,b,1,1,1,y,this location requires user input on accessibility,514 872-6120,http://www.parcjeandrapeau.com/,-73.526881,45.508151,Description needs user input for this location
Ville-Marie,Lieux et batiments d'interet,L'isle Sainte-Helene,L'isle Sainte-Helene,H3C 6A3,Montreal,QC,1,1,1,2,1,1,0,0,l,1,0,b,1,1,1,y,this location requires user input on accessibility,514 872-6120,http://www.parcjeandrapeau.com/,-73.533661,45.51558,Description needs user input for this location
Ville-Marie,Lieux et batiments d'interet,Parc Jean-Drapeau,Parc Jean-Drapeau,H3C 6A3,Montreal,QC,1,0,0,0,0,1,1,0,m,0,1,b,1,1,1,y,this location requires user input on accessibility,514 872-6120,http://www.parcjeandrapeau.com/,-73.532546,45.508648,Description needs user input for this location
Ville-Marie,Fire Station,Caserne 19,2000 avenue De Lorimier,H2K 4N9,Montreal,QC,1,1,1,5,0,1,1,0,s,0,0,f,0,1,0,n,this location requires user input on accessibility,911,"http://ville.montreal.qc.ca/portal/page?_pageid=4677,10167591&_dad=portal&_schema=PORTAL",-73.557898,45.528018,Description needs user input for this location
Ville-Marie,Fire Station,Quartier general du Service de securite incendie de Montreal,4040 avenue du Parc,H2W 1S8,Montreal,QC,1,0,0,0,1,0,1,0,l,0,0,f,1,0,0,n,this location requires user input on accessibility,911,"http://ville.montreal.qc.ca/portal/page?_pageid=4677,10107569&_dad=portal&_schema=PORTAL",-73.583754,45.51255,Description needs user input for this location
Ville-Marie,Police Station,Poste de quartier 22,1200 avenue Papineau,H2K 4R5,Montreal,QC,0,1,1,4,0,1,1,0,s,1,1,f,0,0,0,n,this location requires user input on accessibility,514 280-0122,http://www.spvm.qc.ca/fr/pdq22/,-73.550833,45.521635,Description needs user input for this location
Ville-Marie,Fire Station,Caserne 2 (service saisonnier),10 chemin du Tour-de-l'Isle,H3C 0K7,Montreal,QC,0,1,1,0,1,0,1,0,m,0,0,f,1,0,0,n,this location requires user input on accessibility,911,"http://ville.montreal.qc.ca/portal/page?_pageid=4677,10167591&_dad=portal&_schema=PORTAL",-73.535241,45.520316,Description needs user input for this location
Ville-Marie,Fire Station,Caserne 25,1212 rue Drummond,H3G 1V7,Montreal,QC,1,1,1,4,0,1,1,0,m,1,0,b,1,0,0,n,this location requires user input on accessibility,911,"http://ville.montreal.qc.ca/portal/page?_pageid=4677,10167591&_dad=portal&_schema=PORTAL",-73.572988,45.49791,Description needs user input for this location
Ville-Marie,Police Station,Service aÿ la communaute de region Sud,980 rue Guy,H3H 2K3,Montreal,QC,0,0,1,0,1,1,1,0,m,0,0,f,0,0,0,n,this location requires user input on accessibility,514 280-0700,http://www.spvm.qc.ca/fr/pdq/2_2_identifiezpdq.asp#services-a-la-communaute,-73.574206,45.493082,Description needs user input for this location
Ville-Marie,Fire Station,Caserne 5,75 rue Ontario Est,H2X 1G9,Montreal,QC,0,1,0,1,0,1,1,0,l,1,0,f,0,0,0,n,this location requires user input on accessibility,911,"http://ville.montreal.qc.ca/portal/page?_pageid=4677,10167591&_dad=portal&_schema=PORTAL",-73.566832,45.512166,Description needs user input for this location
Ville-Marie,Police Station,Poste de quartier 20,1432 rue Sainte-Catherine Ouest,H3G 1R3,Montreal,QC,0,0,1,1,0,0,0,0,s,0,0,f,1,0,0,n,this location requires user input on accessibility,514 280-0120,http://www.spvm.qc.ca/fr/pdq20/,-73.576636,45.49625,Description needs user input for this location
Ville-Marie,Police Station,Poste de quartier 21,1180 rue Sainte-Ç?lizabeth,H2X 3C4,Montreal,QC,1,1,0,5,1,0,0,0,l,1,1,f,0,0,0,n,this location requires user input on accessibility,514 280-0121,http://www.spvm.qc.ca/fr/pdq21/,-73.559896,45.511283,Description needs user input for this location
Ville-Marie,Fire Station,Caserne 10,1445 rue Saint-Mathieu,H3H 2M4,Montreal,QC,0,0,1,0,0,0,0,0,m,1,0,f,0,0,0,n,this location requires user input on accessibility,911,"http://ville.montreal.qc.ca/portal/page?_pageid=4677,10167591&_dad=portal&_schema=PORTAL",-73.580258,45.494551,Description needs user input for this location
Ville-Marie,Police Station,Quartier general du SPVM,1441 rue Saint-Urbain,H2X 2M6,Montreal,QC,1,1,0,1,1,0,1,0,m,1,1,f,1,0,0,n,this location requires user input on accessibility,911,http://www.spvm.qc.ca/fr/,-73.565588,45.509321,Description needs user input for this location
Ville-Marie,Fire Station,Caserne 20,920 rue Saint-Urbain,H2Z 1K4,Montreal,QC,0,0,1,0,0,1,1,0,s,0,0,b,1,0,0,n,this location requires user input on accessibility,911,"http://ville.montreal.qc.ca/portal/page?_pageid=4677,10167591&_dad=portal&_schema=PORTAL",-73.559252,45.506071,Description needs user input for this location
Ville-Marie,Police Station,Poste de quartier 12,21 rue Stanton,H3Y 3B1,Montreal,QC,1,0,0,0,1,1,1,0,l,1,1,f,1,0,0,n,this location requires user input on accessibility,514 280-0112,http://www.spvm.qc.ca/fr/pdq12/,-73.598683,45.486354,Description needs user input for this location
Ville-Marie,Services municipaux,Bureau d'arrondissement de Ville-Marie,800 boulevard De Maisonneuve Est,H2L 4L8,Montreal,QC,1,1,0,0,0,1,0,0,l,0,0,b ,1,0,1,y,this location requires user input on accessibility,311,"http://ville.montreal.qc.ca/portal/page?_pageid=7317,84222189&_dad=portal&_schema=PORTAL",-73.559982,45.516196,Description needs user input for this location
Ville-Marie,Services municipaux,Bureau Acces Montreal (Place Dupuis),800 boulevard De Maisonneuve Est,H2L 4L9,Montreal,QC,1,1,1,0,1,0,1,0,s,1,1,b,1,1,1,y,this location requires user input on accessibility,311,"http://ville.montreal.qc.ca/portal/page?_pageid=7317,84222189&_dad=portal&_schema=PORTAL",-73.559982,45.516196,Description needs user input for this location
Ville-Marie,Services municipaux,Comptoir des permis,800 boulevard De Maisonneuve Est,H2L 4L9,Montreal,QC,1,1,1,0,1,1,1,0,m,0,1,b,1,1,1,y,this location requires user input on accessibility,311,"http://ville.montreal.qc.ca/portal/page?_pageid=7317,84222189&_dad=portal&_schema=PORTAL",-73.559982,45.516196,Description needs user input for this location
Ville-Marie,Services municipaux,Eco-quartier de Saint-Jacques,2022 rue de la Visitation,H2L 3C7,Montreal,QC,1,1,1,1,1,0,1,0,m,0,1,b,1,1,1,y,this location requires user input on accessibility,514 522-4053,http://asccs.qc.ca/eco-quartier-st-jacques,-73.562243,45.522413,Description needs user input for this location
Ville-Marie,Services municipaux,Tandem Ville-Marie,2022 rue de la Visitation,H2L 3C7,Montreal,QC,1,1,1,2,1,1,1,0,l,0,0,b,1,1,1,y,this location requires user input on accessibility,514 522-2280,"http://ville.montreal.qc.ca/portal/page?_pageid=7317,78807768&_dad=portal&_schema=PORTAL",-73.562243,45.522413,Description needs user input for this location
Ville-Marie,Droit et justice,Cour municipale de Montreal,775 rue Gosford,H2Y 3B9,Montreal,QC,1,1,1,5,0,0,0,0,l,1,0,b,1,1,0,y,this location requires user input on accessibility,514 872-2964,"http://ville.montreal.qc.ca/portal/page?_pageid=5798,39687597&_dad=portal&_schema=PORTAL",-73.553437,45.509339,Description needs user input for this location
Ville-Marie,Services municipaux,Cour municipale de Montreal,775 rue Gosford,H2Y 3B9,Montreal,QC,1,1,1,0,1,1,1,0,s,0,0,b,1,1,1,y,this location requires user input on accessibility,514 872-2964,"http://ville.montreal.qc.ca/portal/page?_pageid=5798,39687597&_dad=portal&_schema=PORTAL",-73.553437,45.509339,Description needs user input for this location
Ville-Marie,Services municipaux,Bureau Acces Montreal (hotel de ville de Montreal),275 rue Notre-Dame Est,H2Y 1C6,Montreal,QC,1,1,1,0,0,0,0,0,m,1,1,b,1,1,0,y,this location requires user input on accessibility,311,"http://ville.montreal.qc.ca/portal/page?_pageid=7317,84222189&_dad=portal&_schema=PORTAL",-73.559982,45.516196,Description needs user input for this location
Ville-Marie,Services municipaux,Hotel de ville de Montreal,275 rue Notre-Dame Est,H2Y 1C6,Montreal,QC,1,1,1,7,1,1,1,0,m,0,0,b,1,1,1,y,this location requires user input on accessibility,311,"http://ville.montreal.qc.ca/portal/page?_pageid=5798,86299744&_dad=portal&_schema=PORTAL",-73.553917,45.509185,Description needs user input for this location
Ville-Marie,Services municipaux,Eco-quartier de Sainte-Marie,2151 rue Parthenais,H2K 3T3,Montreal,QC,1,1,1,0,0,0,0,0,m,0,1,b,1,1,0,y,this location requires user input on accessibility,514 523-9220,http://www.eco-quartiersm.ca/,-73.558142,45.53048,Description needs user input for this location
Ville-Marie,Services municipaux,Eco-quartier de Peter-McGill,1240 rue Saint-Marc,H3H 2E5,Montreal,QC,1,1,1,1,0,1,0,0,l,1,0,b,1,1,1,y,this location requires user input on accessibility,514 933-1069,http://www.eco-quartierpm.org/,-73.579524,45.49217,Description needs user input for this location
